ABELARDO CAMARINHA,PSB,SP,Titular,4,609,3215-5609,3215-2609,03,22,dep.abelardocamarinha@camara.gov.br,Advogado e Professor,JOSÉ ABELARDO GUIMARÃES CAMARINHA
ABELARDO LUPION,DEM,PR,Titular,4,515,3215-5515,3215-2515,08,25,dep.abelardolupion@camara.gov.br,Agropecuarista e Empresário,ABELARDO LUIZ LUPION MELLO
ACELINO POPÓ,PRB,BA,Titular,4,345,3215-5345,3215-2345,,,,,ACELINO FREITAS
ADEMIR CAMILO,PDT,MG,Titular,4,212,3215-5212,3215-2212,05,30,dep.ademircamilo@camara.gov.br,"Médico, Advogado",ADEMIR CAMILO PRATES RODRIGUES
ADRIAN,PMDB,RJ,Titular,4,441,3215-5441,3215-2441,03,11,dep.adrian@camara.gov.br,,ADRIAN MUSSI RAMOS
AELTON FREITAS,PR,MG,Titular,4,204,3215-5204,3215-2204,12,15,dep.aeltonfreitas@camara.gov.br,"Produtor Rural, Empresário, Engenheiro Agrônomo",AELTON JOSÉ DE FREITAS
AFONSO HAMM,PP,RS,Titular,4,604,3215-5604,3215-2604,04,25,dep.afonsohamm@camara.gov.br,Engenheiro Agrônomo,JOSÉ ALFONSO EBERT HAMM
AGNOLIN,PDT,TO,Titular,3,367,3215-5367,3215-2367,09,18,dep.agnolin@camara.gov.br,Empresário,JOSELI ÂNGELO AGNOLIN
AGUINALDO RIBEIRO,PP,PB,Titular,4,735,3215-5735,3215-2735,02,13,dep.aguinaldoribeiro@camara.gov.br,Administrador,AGUINALDO VELLOSO BORGES RIBEIRO
ALBERTO FILHO,PMDB,MA,Titular,4,617,3215-5617,3215-2617,02,10,dep.albertofilho@camara.gov.br,Bacharel Em Direito,JOSÉ ALBERTO OLIVEIRA VELOSO FILHO
ALCEU MOREIRA,PMDB,RS,Titular,4,445,3215-5445,3215-2445,06,04,dep.alceumoreira@camara.gov.br,Comerciante,ALCEU MOREIRA DA SILVA
ALDO REBELO,PCdoB,SP,Titular,2,15,32155967,32152967,02,23,dep.aldorebelo@camara.gov.br,Jornalista e Redator,JOSÉ ALDO REBELO FIGUEIREDO
ALESSANDRO MOLON,PT,RJ,Titular,4,652,3215-5652,3215-2652,10,28,dep.alessandromolon@camara.gov.br,"Advogado, Professor Universitário",ALESSANDRO LUCCIOLA MOLON
ALEX CANZIANI,PTB,PR,Titular,4,842,3215-5842,3215-2842,06,11,dep.alexcanziani@camara.gov.br,Registrador de Imóveis,ALEX CANZIANI SILVEIRA
ALEXANDRE LEITE,DEM,SP,Titular,4,841,3215-5841,3215-2841,04,18,dep.alexandreleite@camara.gov.br,Empresário,ALEXANDRE LEITE DA SILVA
ALEXANDRE ROSO,PSB,RS,Titular,4,742,3215-5742,3215-2742,11,12,dep.alexandreroso@camara.gov.br,Médico,ALEXANDRE RUBIO ROSO
ALEXANDRE SANTOS,PMDB,RJ,Titular,4,331,3215-5331,3215-2331,09,04,dep.alexandresantos@camara.gov.br,Empresário,ALEXANDRE JOSÉ DOS SANTOS
ALFREDO KAEFER,PSDB,PR,Titular,4,818,3215-5818,3215-2818,11,07,dep.alfredokaefer@camara.gov.br,Industrial,JACOB ALFREDO STOFFELS KAEFER
ALFREDO SIRKIS,PV,RJ,Titular,4,240,32155240,3215-2240,12,08,dep.sirkis@camara.gov.br,Jornalista,ALFREDO HELIO SYRKIS
ALICE PORTUGAL,PCdoB,BA,Titular,4,420,3215-5420,3215-2420,05,16,dep.aliceportugal@camara.gov.br,Química Industrial e Farmacêutica Bioquímica,ALICE MAZZUCO PORTUGAL
ALINE CORRÊA,PP,SP,Titular,4,511,3215-5511,3215-2511,03,25,dep.alinecorrea@camara.gov.br,Empresária,ALINE LEMOS CORRÊA DE OLIVEIRA ANDRADE
ALMEIDA LIMA,PMDB,SE,Titular,4,726,3215-5726,3215-2726,09,28,dep.almeidalima@camara.gov.br,"Advogado, Professor de Direito",JOSÉ ALMEIDA LIMA
AMAURI TEIXEIRA,PT,BA,Titular,4,237,3215-5237,3215-2237,12,01,dep.amauriteixeira@camara.gov.br,Auditor-fiscal,AMAURI SANTOS TEIXEIRA
ANA ARRAES,PSB,PE,Titular,4,846,3215-5846,3215-2846,07,28,dep.anaarraes@camara.gov.br,Advogado,ANA LÚCIA ARRAES DE ALENCAR
ANDERSON FERREIRA,PR,PE,Titular,3,272,3215-5272,3215-2272,12,10,dep.andersonferreira@camara.gov.br,,ANDERSON FERREIRA RODRIGUES
ANDRE DIAS,PSDB,PA,Titular,4,336,3215-5336,3215-2336,,,,,ANDRE TEIXERA DIAS
ANDRÉ FIGUEIREDO,PDT,CE,Titular,4,940,3215-5940,3215-2940,11,10,dep.andrefigueiredo@camara.gov.br,"Advogado, Economista, Empresário",ANDRÉ PEIXOTO FIGUEIREDO LIMA
ANDRE MOURA,PSC,SE,Titular,3,380,3215-5380,3215-2380,02,23,dep.andremoura@camara.gov.br,Político,ANDRÉ LUIS DANTAS FERREIRA
ANDRE VARGAS,PT,PR,Titular,4,923,3215-5923,3215-2923,03,02,dep.andrevargas@camara.gov.br,Comerciante,ANDRÉ LUIZ VARGAS ILÁRIO
ANDRÉ ZACHAROW,PMDB,PR,Titular,4,238,3215-5238,3215-2238,07,07,dep.andrezacharow@camara.gov.br,"Advogado, Economista, Professor",ANDRÉ ZACHAROW
ANDREIA ZITO,PSDB,RJ,Titular,4,636,3215-5636,3215-2636,07,13,dep.andreiazito@camara.gov.br,Bacharel Em Direito,ANDREIA ALMEIDA ZITO DOS SANTOS
ANGELO VANHONI,PT,PR,Titular,3,672,3215-5672,3215-2672,06,19,dep.angelovanhoni@camara.gov.br,Bancário,ANGELO CARLOS VANHONI
ANÍBAL GOMES,PMDB,CE,Titular,4,731,3215-5731,3215-2731,06,07,dep.anibalgomes@camara.gov.br,Cirurgião-dentista e Agropecuarista,ANÍBAL FERREIRA GOMES
ANTHONY GAROTINHO,PR,RJ,Titular,4,714,3215-5714,3215-2714,04,18,dep.anthonygarotinho@camara.gov.br,Radialista,ANTHONY WILLIAM GAROTINHO MATHEUS DE OLIVEIRA
ANTÔNIA LÚCIA,PSC,AC,Titular,4,444,3215-5444,3215-2444,07,17,dep.antonialucia@camara.gov.br,,ANTÔNIA LUCILÉIA CRUZ RAMOS CÂMARA
ANTÔNIO ANDRADE,PMDB,MG,Titular,4,305,3215-5305,3215-2305,06,18,dep.antonioandrade@camara.gov.br,Engenheiro Civil e Produtor Rural,ANTÔNIO EUSTÁQUIO ANDRADE FERREIRA
ANTONIO BALHMANN,PSB,CE,Titular,4,522,3215-5522,3215-2522,08,22,dep.antoniobalhmann@camara.gov.br,Engenheiro Mecânico,ANTONIO BALHMANN CARDOSO NUNES FILHO
ANTONIO BRITO,PTB,BA,Titular,3,479,3215-5479,3215-2479,01,17,dep.antoniobrito@camara.gov.br,Administrador de Empresas,ANTONIO LUIZ PARANHOS RIBEIRO LEITE DE BRITO
ANTONIO BULHÕES,PRB,SP,Titular,4,327,3215-5327,3215-2327,05,05,dep.antoniobulhoes@camara.gov.br,"Apresentador de Televisão, Administrador, Teólogo e Bispo Evangélico",ANTONIO CARLOS MARTINS DE BULHÕES
ANTÔNIO CARLOS BIFFI,PT,MS,Titular,4,260,3215-5260,3215-2260,03,09,dep.antoniocarlosbiffi@camara.gov.br,Professor de Ensino de Primeiro e Segundo Graus,ANTONIO CARLOS BIFFI
ANTONIO CARLOS MAGALHÃES NETO,DEM,BA,Titular,4,939,32158269,3215-2939,01,26,dep.antoniocarlosmagalhaesneto@camara.gov.br,Advogado,ANTÔNIO CARLOS PEIXOTO DE MAGALHÃES NETO
ANTONIO CARLOS MENDES THAME,PSDB,SP,Titular,4,624,3215-5624,3215-2624,06,13,dep.antoniocarlosmendesthame@camara.gov.br,Professor Universitário.,ANTONIO CARLOS DE MENDES THAME
ANTONIO IMBASSAHY,PSDB,BA,Titular,4,810,3215-5810,3215-2810,03,12,dep.antonioimbassahy@camara.gov.br,Engenheiro Eletricista,ANTONIO JOSÉ IMBASSAHY DA SILVA
ANTÔNIO ROBERTO,PV,MG,Titular,4,712,3215-5712,3215-2712,06,20,dep.antonioroberto@camara.gov.br,"Consultor Empresarial Em Comportamento Humano, Administrador",ANTÔNIO ROBERTO SOARES
ARACELY DE PAULA,PR,MG,Titular,4,201,3215-5201,3215-2201,05,03,dep.aracelydepaula@camara.gov.br,Advogado,ARACELY DE PAULA
ARIOSTO HOLANDA,PSB,CE,Titular,3,575,3215-5575,3215-2575,10,11,dep.ariostoholanda@camara.gov.br,Professor Universitário e Engenheiro Civil,FRANCISCO ARIOSTO HOLANDA
ARLINDO CHINAGLIA,PT,SP,Titular,1,4,32155966,32152966,12,24,dep.arlindochinaglia@camara.gov.br,Médico,ARLINDO CHIGNALIA JUNIOR
ARMANDO VERGÍLIO,PMN,GO,Titular,4,816,3215-5816,3215-2816,08,03,dep.armandovergilio@camara.gov.br,Corretor de Seguros,ARMANDO VERGÍLIO DOS SANTOS JÚNIOR
ARNALDO FARIA DE SÁ,PTB,SP,Titular,4,929,3215-5929,3215-2929,12,30,dep.arnaldofariadesa@camara.gov.br,"Contabilista, Radialista, Professor e Advogado",ARNALDO FARIA DE SÁ
ARNALDO JARDIM,PPS,SP,Titular,4,245,3215-5245,3215-2245,05,08,dep.arnaldojardim@camara.gov.br,Engeheiro Civil e Professor,ARNALDO CALIL PEREIRA JARDIM
ARNALDO JORDY,PPS,PA,Titular,3,376,3215-5376,3215-2376,11,30,dep.arnaldojordy@camara.gov.br,Político,ARNALDO JORDY FIGUEIREDO
ARNON BEZERRA,PTB,CE,Titular,4,413,3215-5413,3215-2413,08,13,dep.arnonbezerra@camara.gov.br,Médico,JOSÉ ARNON CRUZ BEZERRA DE MENEZES
AROLDE DE OLIVEIRA,DEM,RJ,Titular,4,917,3215-5917,3215-2917,03,11,dep.aroldedeoliveira@camara.gov.br,"Engenheiro, Economista e Professor",AROLDE DE OLIVEIRA
ARTHUR LIRA,PP,AL,Titular,4,942,3215-5942,3215-2942,06,25,dep.arthurlira@camara.gov.br,"Agropecuarista, Bacharel Em Direito, Empresário",ARTHUR CÉSAR PEREIRA DE LIRA
ARTHUR OLIVEIRA MAIA,PMDB,BA,Titular,4,537,3215-5537,3215-2537,08,17,dep.arthuroliveiramaia@camara.gov.br,Advogado,ARTHUR DE OLIVEIRA MAIA DA SILVA
ARTUR BRUNO,PT,CE,Titular,3,467,3215-5467,3215-2467,08,04,dep.arturbruno@camara.gov.br,Educador,ARTUR JOSÉ VIEIRA BRUNO
ASSIS CARVALHO,PT,PI,Titular,4,909,3215-5909,3215-2909,09,09,dep.assiscarvalho@camara.gov.br,Funcionário Público Federal,FRANCISCO DE ASSIS CARVALHO GONÇALVES
ASSIS DO COUTO,PT,PR,Titular,4,428,3215-5428,3215-2428,10,17,dep.assisdocouto@camara.gov.br,Agricultor,ASSIS MIGUEL DO COUTO
ASSIS MELO,PCdoB,RS,Titular,4,605,3215-5605,3215-2605,09,14,dep.assismelo@camara.gov.br,Metalúrgico,ASSIS FLÁVIO DA SILVA MELO
ÁTILA LINS,PMDB,AM,Titular,4,730,3215-5730,3215-2730,11,22,dep.atilalins@camara.gov.br,"Servidor Público, Bacharel Em Direito e Economista",ÁTILA SIDNEY LINS ALBUQUERQUE
AUDIFAX,PSB,ES,Titular,3,574,3215-5574,3215-2574,05,09,dep.audifax@camara.gov.br,"Administrador, Economista",AUDIFAX CHARLES PIMENTEL BARCELOS
AUGUSTO CARVALHO,PPS,DF,Titular,4,352,3215-5352,3215-2352,07,27,,,AUGUSTO SILVEIRA DE CARVALHO
AUGUSTO COUTINHO,DEM,PE,Titular,4,835,3215-5835,3215-2835,10,22,dep.augustocoutinho@camara.gov.br,Engenheiro Civil,AUGUSTO RODRIGUES COUTINHO DE MELO
AUREO,PRTB,RJ,Titular,3,581,3215-5581,3215-2581,02,17,dep.aureo@camara.gov.br,Empresário,AUREO LIDIO MOREIRA RIBEIRO
BENEDITA DA SILVA,PT,RJ,Titular,4,330,3215-5330,3215-2330,04,26,dep.beneditadasilva@camara.gov.br,"Assistente Social, Auxiliar de Enfermagem, Professor, Servidor Público",BENEDITA SOUZA DA SILVA SAMPAIO
BENJAMIN MARANHÃO,PMDB,PB,Titular,4,458,3215-5458,3215-2458,11,30,dep.benjaminmaranhao@camara.gov.br,Cirurgião-dentista,BENJAMIN GOMES MARANHÃO NETO
BERINHO BANTIM,PSDB,RR,Titular,4,737,3215-5737,3215-2737,11,20,dep.berinhobantim@camara.gov.br,,HERBSON JAIRO RIBEIRO BANTIM
BERNARDO SANTANA DE VASCONCELLOS,PR,MG,Titular,4,854,3215-5854,3215-2854,12,08,dep.bernardosantanadevasconcellos@camara.gov.br,Advogado,BERNARDO DE VASCONCELLOS MOREIRA
BETO FARO,PT,PA,Titular,4,723,3215-5723,3215-2723,06,20,dep.betofaro@camara.gov.br,Agricultor Familiar,JOSÉ ROBERTO OLIVEIRA FARO
BETO MANSUR,PP,SP,Titular,4,616,3215-5616,3215-2616,07,07,dep.betomansur@camara.gov.br,"Radialista, Empresário e Engenheiro Eletrônico",PAULO ROBERTO GOMES MANSUR
BONIFÁCIO DE ANDRADA,PSDB,MG,Titular,4,431,32155431,3215-2431,05,14,,Advogado e Professor Universitário,BONIFÁCIO JOSÉ TAMM DE ANDRADA
BRUNA FURLAN,PSDB,SP,Titular,4,836,3215-5836,3215-2836,04,28,dep.brunafurlan@camara.gov.br,,BRUNA DIAS FURLAN
BRUNO ARAÚJO,PSDB,PE,Titular,4,718,3215-5718,3215-2718,03,15,dep.brunoaraujo@camara.gov.br,Advogado,BRUNO CAVALCANTI DE ARAÚJO
CAMILO COLA,PMDB,ES,Titular,3,469,3215-5469,3215-2469,07,26,,,CAMILO COLA
CÂNDIDO VACCAREZZA,PT,SP,Titular,4,958,3215-5958,3215-2958,09,26,dep.candidovaccarezza@camara.gov.br,Médico Ginecologista e Obstetra,CÂNDIDO ELPÍDIO DE SOUZA VACCAREZZA
CARLAILE PEDROSA,PSDB,MG,Titular,4,824,3215-5824,3215-2824,10,03,dep.carlailepedrosa@camara.gov.br,Comerciante,CARLAILE JESUS PEDROSA
CARLOS ALBERTO LERÉIA,PSDB,GO,Titular,4,830,3215-5830,3215-2830,06,19,dep.carlosalbertolereia@camara.gov.br,Radialista,CARLOS ALBERTO LERÉIA DA SILVA
CARLOS BEZERRA,PMDB,MT,Titular,4,815,3215-5815,3215-2815,11,04,dep.carlosbezerra@camara.gov.br,"Industrial, Advogado e Professor",CARLOS GOMES BEZERRA
CARLOS BRANDÃO,PSDB,MA,Titular,4,529,3215-5529,3215-2529,06,02,dep.carlosbrandao@camara.gov.br,"Funcionário Público, Empresário",CARLOS ORLEANS BRANDÃO JUNIOR
CARLOS EDUARDO CADOCA,PSC,PE,Titular,4,415,3215-5415,3215-2415,04,23,dep.carloseduardocadoca@camara.gov.br,Advogado,CARLOS EDUARDO CINTRA DA COSTA PEREIRA
CARLOS MAGNO,PP,RO,Titular,4,213,3215-5213,3215-2213,06,16,dep.carlosmagno@camara.gov.br,Técnico Em Agropecuária,CARLOS MAGNO RAMOS
CARLOS SAMPAIO,PSDB,SP,Titular,4,207,3215-5207,3215-2207,03,31,dep.carlossampaio@camara.gov.br,Promotor de Justiça.,CARLOS HENRIQUE FOCESI SAMPAIO
CARLOS SOUZA,PP,AM,Titular,4,319,3215-5319,3215-2319,08,17,dep.carlossouza@camara.gov.br,"Biólogo, Professor, Radialista",CARLOS ALBERTO CAVALCANTE DE SOUZA
CARLOS ZARATTINI,PT,SP,Titular,4,808,32155808,3215-2808,06,08,dep.carloszarattini@camara.gov.br,Economista,CARLOS ALBERTO ROLIM ZARATTINI
CELIA ROCHA,PTB,AL,Titular,4,301,3215-5301,3215-2301,10,29,dep.celiarocha@camara.gov.br,Médico,CÉLIA MARIA BARBOSA ROCHA
CELSO MALDANER,PMDB,SC,Titular,4,311,3215-5311,3215-2311,08,30,dep.celsomaldaner@camara.gov.br,"Economista, Empresário",CELSO MALDANER
CESAR COLNAGO,PSDB,ES,Titular,4,602,3215-5602,3215-2602,07,22,dep.cesarcolnago@camara.gov.br,Médico,CÉSAR ROBERTO COLNAGHI
CÉSAR HALUM,PPS,TO,Titular,3,282,3215-5282,3215-2282,03,10,dep.cesarhalum@camara.gov.br,Médico Veterinário,CESAR HANNA HALUM
CHICO ALENCAR,PSOL,RJ,Titular,4,848,3215-5848,3215-2848,10,19,dep.chicoalencar@camara.gov.br,Professor de Ensino Superior,FRANCISCO RODRIGUES DE ALENCAR FILHO
CHICO DANGELO,PT,RJ,Titular,4,232,3215-5232,3215-2232,,,,,FRANCISCO JOSE DANGELO PINTO
CHICO DAS VERDURAS,PRP,RR,Titular,3,671,3215-5671,3215-2671,05,18,dep.chicodasverduras@camara.gov.br,"Carpinteiro, Empresário, Motorista",FRANCISCO VIEIRA SAMPAIO
CHICO LOPES,PCdoB,CE,Titular,4,310,3215-5310,3215-2310,08,13,dep.chicolopes@camara.gov.br,Professor e Auditor-fiscal,FRANCISCO LOPES DA SILVA
CIDA BORGHETTI,PP,PR,Titular,4,412,3215-5412,3215-2412,02,18,dep.cidaborghetti@camara.gov.br,Empresária,MARIA APARECIDA BORGHETTI
CLAUDIO CAJADO,DEM,BA,Titular,4,630,3215-5630,3215-2630,12,01,dep.claudiocajado@camara.gov.br,Advogado,CLÁUDIO CAJADO SAMPAIO
CLÁUDIO PUTY,PT,PA,Titular,3,480,3215-5480,3215-2480,08,02,dep.claudioputy@camara.gov.br,"Economista, Eletricitário, Professor Universitário",CLAUDIO ALBERTO CASTELO BRANCO PUTY
CLEBER VERDE,PRB,MA,Titular,4,710,3215-5710,3215-2710,05,10,dep.cleberverde@camara.gov.br,"Vendedor Autônomo, Professor, Servidor Público, Político e Bacharel Em Direito",CLEBER VERDE CORDEIRO MENDES
CRISTIANO,PTdoB,RJ,Titular,3,286,3215-5286,3215-2286,03,23,dep.cristiano@camara.gov.br,Técnico Em Contabilidade,CRISTIANO JOSÉ RODRIGUES DE SOUZA
DALVA FIGUEIREDO,PT,AP,Titular,4,704,32155704,3215-2704,04,25,dep.dalvafigueiredo@camara.gov.br,Servidora Pública Federal,MARIA DALVA DE SOUZA FIGUEIREDO
DAMIÃO FELICIANO,PDT,PB,Titular,4,938,3215-5938,3215-2938,04,28,dep.damiaofeliciano@camara.gov.br,"Médico, Empresário e Radialista",DAMIÃO FELICIANO DA SILVA
DANIEL ALMEIDA,PCdoB,BA,Titular,4,317,3215-5317,3215-2317,01,21,dep.danielalmeida@camara.gov.br,Industriário,DANIEL GOMES DE ALMEIDA
DANILO CABRAL,PSB,PE,Titular,4,423,3215-5423,3215-2423,04,21,dep.danilocabral@camara.gov.br,Advogado,DANILO JORGE DE BARROS CABRAL
DANILO FORTE,PMDB,CE,Titular,3,384,3215-5384,3215-2384,09,01,dep.daniloforte@camara.gov.br,Advogado,FRANCISCO DANILO BASTOS FORTE
DANRLEI DE DEUS HINTERHOLZ,PTB,RS,Titular,3,566,3215-5566,3215-2566,04,18,dep.danrleidedeushinterholz@camara.gov.br,Atleta Profissional de Futebol,DANRLEI DE DEUS HINTERHOLZ
DARCÍSIO PERONDI,PMDB,RS,Titular,4,518,3215-5518,3215-2518,04,02,dep.darcisioperondi@camara.gov.br,Médico,DARCÍSIO PAULO PERONDI
DAVI ALCOLUMBRE,DEM,AP,Titular,4,231,3215-5231,3215-2231,06,19,dep.davialcolumbre@camara.gov.br,Comerciante,DAVID SAMUEL ALCOLUMBRE TOBELEM
DAVI ALVES SILVA JÚNIOR,PR,MA,Titular,4,813,3215-5813,3215-2813,11,22,,,DAVI ALVES SILVA JÚNIOR
DÉCIO LIMA,PT,SC,Titular,4,218,3215-5218,3215-2218,10,01,dep.deciolima@camara.gov.br,Professor de Ensino Médio e Advogado,DÉCIO NERY DE LIMA
DELEGADO PROTÓGENES,PCdoB,SP,Titular,4,745,3215-5745,3215-2745,05,20,dep.delegadoprotogenes@camara.gov.br,Delegado de Polícia Federal,PROTÓGENES PINHEIRO DE QUEIROZ
DEVANIR RIBEIRO,PT,SP,Titular,4,332,3215-5332,3215-2332,02,02,dep.devanirribeiro@camara.gov.br,Aposentado (exceto Servidor Publico),DEVANIR RIBEIRO
DIEGO ANDRADE,PR,MG,Titular,4,307,3215-5307,3215-2307,08,08,dep.diegoandrade@camara.gov.br,Administrador de Empresas,DIEGO LEONARDO DE ANDRADE CARVALHO
DILCEU SPERAFICO,PP,PR,Titular,4,746,3215-5746,3215-2746,01,26,dep.dilceusperafico@camara.gov.br,"Industrial, Bacharel Em Direito, Filósofo e Agropecuarista",DILCEU JOÃO SPERAFICO
DIMAS FABIANO,PP,MG,Titular,4,325,3215-5325,3215-2325,05,23,dep.dimasfabiano@camara.gov.br,,DIMAS FABIANO TOLEDO JÚNIOR
DIMAS RAMALHO,PPS,SP,Titular,4,658,3215-5658,3215-2658,08,13,dep.dimasramalho@camara.gov.br,Membro do Ministerio Publico,DIMAS EDUARDO RAMALHO
DOMINGOS DUTRA,PT,MA,Titular,4,806,3215-5806,3215-2806,03,20,dep.domingosdutra@camara.gov.br,Advogado,DOMINGOS FRANCISCO DUTRA FILHO
DOMINGOS NETO,PSB,CE,Titular,4,546,3215-5546,3215-2546,04,29,dep.domingosneto@camara.gov.br,,DOMINGOS GOMES DE AGUIAR NETO
DOMINGOS SÁVIO,PSDB,MG,Titular,3,271,3215-5271,3215-2271,03,25,dep.domingossavio@camara.gov.br,Médico Veterinário,DOMINGOS SÁVIO CAMPOS RESENDE
DR. ADILSON SOARES,PR,RJ,Titular,4,926,3215-5926,3215-2926,09,11,dep.dr.adilsonsoares@camara.gov.br,Consultor Econômico,ADILSON SOARES
DR. ALUIZIO,PV,RJ,Titular,3,371,32155371,3215-2371,07,13,dep.dr.aluizio@camara.gov.br,Médico,ALUIZIO DOS SANTOS JUNIOR
DR. CARLOS ALBERTO,PMN,RJ,Titular,4,208,3215-5208,3215-2208,,,,,CARLOS ALBERTO LOPES
DR. GRILO,PSL,MG,Titular,4,645,3215-5645,3215-2645,07,26,dep.dr.grilo@camara.gov.br,Advogado,RODRIGO MOREIRA LADEIRA GRILO
DR. JORGE SILVA,PDT,ES,Titular,3,383,3215-5383,3215-2383,06,03,dep.dr.jorgesilva@camara.gov.br,Médico,JORGE SILVA
DR. PAULO CÉSAR,PR,RJ,Titular,4,904,3215-5904,3215-2904,06,18,dep.dr.paulocesar@camara.gov.br,Médico,PAULO CÉSAR DA GUIA ALMEIDA
DR. ROSINHA,PT,PR,Titular,3,474,3215-5474,3215-2474,11,12,dep.dr.rosinha@camara.gov.br,Médico e Servidor Público,FLORISVALDO FIER
DR. UBIALI,PSB,SP,Titular,4,543,3215-5543,3215-2543,10,07,,,MARCO AURÉLIO UBIALI
DUARTE NOGUEIRA,PSDB,SP,Titular,4,525,3215-5525,3215-2525,05,16,dep.duartenogueira@camara.gov.br,"Agricultor, Pecuarista e Engenheiro Agrônomo",ANTONIO DUARTE NOGUEIRA JÚNIOR
DUDIMAR PAXIUBA,PSDB,PA,Titular,4,527,3215-5527,3215-2527,,,,,JOAO DUDIMAR DE AZEVEDO PAXIUBA
EDINHO ARAÚJO,PMDB,SP,Titular,4,418,3215-5418,3215-2418,07,30,dep.edinhoaraujo@camara.gov.br,"Advogado, Professor",EDSON EDINHO COELHO ARAÚJO
EDINHO BEZ,PMDB,SC,Titular,4,703,3215-5703,3215-2703,03,06,dep.edinhobez@camara.gov.br,Contador e Bancário,EDSON BEZ DE OLIVEIRA
EDIO LOPES,PMDB,RR,Titular,4,350,3215-5350,3215-2350,01,04,dep.ediolopes@camara.gov.br,Servidor Público,ÉDIO VIEIRA LOPES
EDIVALDO HOLANDA JUNIOR,PTC,MA,Titular,3,484,3215-5484,3215-2484,07,01,dep.edivaldoholandajunior@camara.gov.br,"Bacharel Em Direito, Empresário",EDIVALDO DE HOLANDA BRAGA JUNIOR
EDMAR ARRUDA,PSC,PR,Titular,4,962,3215-5962,3215-2962,09,26,dep.edmararruda@camara.gov.br,Economista,EDMAR DE SOUZA ARRUDA
EDSON EZEQUIEL,PMDB,RJ,Titular,4,748,3215-5748,3215-2748,07,13,dep.edsonezequiel@camara.gov.br,Engenheiro e Professor  Universitário,EDSON EZEQUIEL DE MATOS
EDSON PIMENTA,PCdoB,BA,Titular,4,403,3215-5403,3215-2403,12,11,dep.edsonpimenta@camara.gov.br,Agricultor,EDSON SAMPAIO PIMENTA
EDSON SANTOS,PT,RJ,Titular,4,402,3215-5402,3215-2402,07,21,dep.edsonsantos@camara.gov.br,,EDSON SANTOS DE SOUZA
EDSON SILVA,PSB,CE,Titular,4,921,3215-5921,3215-2921,05,09,dep.edsonsilva@camara.gov.br,"Bancário, Jornalista, Radialista",EDSON SILVA
EDUARDO AZEREDO,PSDB,MG,Titular,4,722,3215-5722,3215-2722,09,09,dep.eduardoazeredo@camara.gov.br,"Analista de Sistemas, Engenheiro Mecânico",EDUARDO BRANDÃO DE AZEREDO
EDUARDO BARBOSA,PSDB,MG,Titular,4,540,3215-5540,3215-2540,08,25,dep.eduardobarbosa@camara.gov.br,Médico,EDUARDO LUIZ BARROS BARBOSA
EDUARDO CUNHA,PMDB,RJ,Titular,4,510,3215-5510,3215-2510,09,29,dep.eduardocunha@camara.gov.br,Economista,EDUARDO COSENTINO DA CUNHA
EDUARDO DA FONTE,PP,PE,Titular,4,628,3215-5628,3215-2628,10,17,dep.eduardodafonte@camara.gov.br,Empresário,EDUARDO HENRIQUE DA FONTE DE ALBUQUERQUE SILVA
EDUARDO GOMES,PSDB,TO,Titular,4,950,32155950,3215-2950,04,28,dep.eduardogomes@camara.gov.br,Servidor Publico Estadual,CARLOS EDUARDO TORRES GOMES
EDUARDO SCIARRA,DEM,PR,Titular,4,433,3215-5433,3215-2433,10,05,dep.eduardosciarra@camara.gov.br,Engenheiro,EDUARDO FRANCISCO SCIARRA
EFRAIM FILHO,DEM,PB,Titular,4,744,3215-5744,3215-2744,03,18,dep.efraimfilho@camara.gov.br,Advogado,EFRAIM DE ARAÚJO MORAIS FILHO
ELCIONE BARBALHO,PMDB,PA,Titular,4,919,3215-5919,3215-2919,10,05,dep.elcionebarbalho@camara.gov.br,Pedagoga,ELCIONE THEREZINHA ZAHLUTH BARBALHO
ELEUSES PAIVA,DEM,SP,Titular,4,935,3215-5935,3215-2935,06,13,,,ELEUSES VIEIRA DE PAIVA
ELI CORREA FILHO,DEM,SP,Titular,4,519,3215-5519,3215-2519,01,13,dep.elicorreafilho@camara.gov.br,Radialista,ADRIANO ELI CORRÊA
ELIANE ROLIM,PT,RJ,Titular,4,409,3215-5409,3215-2409,,,,,ELIANE PONTES ROLIM
ELVINO BOHN GASS,PT,RS,Titular,3,473,3215-5473,3215-2473,02,05,dep.elvinobohngass@camara.gov.br,"Agricultor Familiar, Professor de História",ELVINO JOSÉ BOHN GASS
EMILIANO JOSÉ,PT,BA,Titular,3,481,3215-5481,3215-2481,02,05,,,EMILIANO JOSÉ DA SILVA FILHO
ENIO BACCI,PDT,RS,Titular,4,930,3215-5930,3215-2930,09,19,dep.eniobacci@camara.gov.br,Advogado,ENIO EGON BERGMANN BACCI
ERIKA KOKAY,PT,DF,Titular,4,203,3215-5203,3215-2203,08,15,dep.erikakokay@camara.gov.br,Bancário,ÉRIKA JUCÁ KOKAY
ERIVELTON SANTANA,PSC,BA,Titular,4,756,3215-5756,3215-2756,01,29,dep.eriveltonsantana@camara.gov.br,"Assessor Político, Auxiliar de Administração",ERIVELTON LIMA SANTANA
EROS BIONDINI,PTB,MG,Titular,3,475,3215-5475,3215-2475,05,20,dep.erosbiondini@camara.gov.br,"Médico Veterinário, Músico",EROS FERREIRA BIONDINI
ESPERIDIÃO AMIN,PP,SC,Titular,4,252,3215-5252,3215-2252,12,21,dep.esperidiaoamin@camara.gov.br,"Administrador, Advogado, Professor Universitário",ESPERIDIÃO AMIN HELOU FILHO
EUDES XAVIER,PT,CE,Titular,3,472,3215-5472,3215-2472,09,11,dep.eudesxavier@camara.gov.br,Comerciário,ANTÔNIO EUDES XAVIER
EVANDRO MILHOMEN,PCdoB,AP,Titular,4,419,3215-5419,3215-2419,04,21,dep.evandromilhomen@camara.gov.br,Sociólogo,EVANDRO COSTA MILHOMEN
FÁBIO FARIA,PMN,RN,Titular,4,335,3215-5335,3215-2335,09,01,dep.fabiofaria@camara.gov.br,Administrador de Empresas,FÁBIO SALUSTINO MESQUITA DE FARIA
FÁBIO RAMALHO,PV,MG,Titular,3,374,3215-5374,3215-2374,12,22,dep.fabioramalho@camara.gov.br,Empresário,FÁBIO AUGUSTO RAMALHO DOS SANTOS
FÁBIO SOUTO,DEM,BA,Titular,4,827,3215-5827,3215-2827,01,18,dep.fabiosouto@camara.gov.br,Economista,FÁBIO LOUREIRO SOUTO
FABIO TRAD,PMDB,MS,Titular,4,452,3215-5452,3215-2452,08,18,dep.fabiotrad@camara.gov.br,Advogado,FÁBIO RICARDO TRAD
FÁTIMA BEZERRA,PT,RN,Titular,4,236,3215-5236,3215-2236,05,19,dep.fatimabezerra@camara.gov.br,Pedagoga.,MARIA DE FÁTIMA BEZERRA
FÁTIMA PELAES,PMDB,AP,Titular,4,416,3215-5416,3215-2416,02,13,dep.fatimapelaes@camara.gov.br,Sociólogo,FÁTIMA LÚCIA PELAES
FELIPE BORNIER,PHS,RJ,Titular,4,216,3215-5216,3215-2216,12,26,dep.felipebornier@camara.gov.br,Empresário,FELIPE LEONE BORNIER DE OLIVEIRA
FELIPE MAIA,DEM,RN,Titular,4,528,3215-5528,3215-2528,12,07,dep.felipemaia@camara.gov.br,Advogado,FELIPE CATALÃO MAIA
FELIX JÚNIOR,PDT,BA,Titular,4,912,3215-5912,3215-2912,11,29,dep.felixjunior@camara.gov.br,,FELIX DE ALMEIDA MENDONÇA JÚNIOR
FERNANDO COELHO FILHO,PSB,PE,Titular,4,662,3215-5662,3215-2662,02,28,dep.fernandocoelhofilho@camara.gov.br,Administrador de Empresas,FERNANDO BEZERRA DE SOUZA COELHO FILHO
FERNANDO FERRO,PT,PE,Titular,4,427,3215-5427,3215-2427,09,05,dep.fernandoferro@camara.gov.br,Engenheiro Elétrico,FERNANDO DANTAS FERRO
FERNANDO FRANCISCHINI,PSDB,PR,Titular,3,265,3215-5265,3215-2265,03,26,dep.fernandofrancischini@camara.gov.br,Delegado de Polícia Federal,FERNANDO DESTITO FRANCISCHINI
FERNANDO MARRONI,PT,RS,Titular,4,312,3215-5312,3215-2312,07,31,,,FERNANDO STEPHAN MARRONI
FERNANDO TORRES,DEM,BA,Titular,4,462,3215-5462,3215-2462,12,28,dep.fernandotorres@camara.gov.br,Empresário,FERNANDO DANTAS TORRES
FILIPE PEREIRA,PSC,RJ,Titular,4,705,3215-5705,3215-2705,11,16,dep.filipepereira@camara.gov.br,"Administrador de Empresas, Empresário",FILIPE DE ALMEIDA PEREIRA
FLÁVIA MORAIS,PDT,GO,Titular,4,738,3215-5738,3215-2738,04,26,dep.flaviamorais@camara.gov.br,Professora de Educação Física,FLÁVIA CARREIRO ALBUQUERQUE MORAIS
FLAVIANO MELO,PMDB,AC,Titular,4,224,32155224,3215-2224,11,17,dep.flavianomelo@camara.gov.br,Engenheiro Civil,FLAVIANO FLÁVIO BAPTISTA DE MELO
FRANCISCO FLORIANO,PR,RJ,Titular,4,719,3215-5719,3215-2719,09,21,dep.franciscofloriano@camara.gov.br,"Apresentador de Televisão, Locutor, Publicitário, Representante Comercial",FRANCISCO FLORIANO DE SOUSA SILVA
FRANCISCO PRACIANO,PT,AM,Titular,4,803,3215-5803,3215-2803,02,18,dep.franciscopraciano@camara.gov.br,Economista e Analista de Sistemas,FRANCISCO EDNALDO PRACIANO
GABRIEL CHALITA,PSB,SP,Titular,4,817,3215-5817,3215-2817,04,30,dep.gabrielchalita@camara.gov.br,"Escritor, Professor Universitário",GABRIEL BENEDITO ISSAAC CHALITA
GABRIEL GUIMARÃES,PT,MG,Titular,4,821,3215-5821,3215-2821,06,06,dep.gabrielguimaraes@camara.gov.br,Advogado,GABRIEL MOREIRA DE ANDRADE
GASTÃO VIEIRA,PMDB,MA,Titular,4,554,3215-5554,3215-2554,06,15,dep.gastaovieira@camara.gov.br,Advogado,GASTÃO DIAS VIEIRA
GENECIAS NORONHA,PMDB,CE,Titular,4,244,3215-5244,3215-2244,03,13,dep.geneciasnoronha@camara.gov.br,Empresário,GENECIAS MATEUS NORONHA
GEORGE HILTON,PRB,MG,Titular,4,843,3215-5843,3215-2843,06,11,dep.georgehilton@camara.gov.br,"Radialista, Apresentador de Televisão, Teólogo e Animador",GEORGE HILTON DOS SANTOS CECÍLIO
GERALDO RESENDE,PMDB,MS,Titular,4,905,3215-5905,3215-2905,04,20,dep.geraldoresende@camara.gov.br,Medico,GERALDO RESENDE PEREIRA
GERALDO SIMÕES,PT,BA,Titular,4,446,3215-5446,3215-2446,11,13,dep.geraldosimoes@camara.gov.br,"Administrador de Empresas, Técnico Agrícola e Funcionário Público Federal",GERALDO SIMÕES DE OLIVEIRA
GERALDO THADEU,PPS,MG,Titular,4,248,3215-5248,3215-2248,10,26,dep.geraldothadeu@camara.gov.br,Odontologo,GERALDO THADEU PEDREIRA DOS SANTOS
GIACOBO,PR,PR,Titular,4,762,3215-5762,3215-2762,12,17,dep.giacobo@camara.gov.br,Empresário,FERNANDO LÚCIO GIACOBO
GILMAR MACHADO,PT,MG,Titular,4,262,3215-5262,3215-2262,11,06,dep.gilmarmachado@camara.gov.br,Professor de História,GILMAR ALVES MACHADO
GIOVANI CHERINI,PDT,RS,Titular,3,466,3215-5466,3215-2466,06,23,dep.giovanicherini@camara.gov.br,Tecnólogo Em Cooperativismo,GIOVANI CHERINI
GIOVANNI QUEIROZ,PDT,PA,Titular,4,618,3215-5618,3215-2618,07,15,dep.giovanniqueiroz@camara.gov.br,Médico e Agropecuarista,GIOVANNI CORRÊA QUEIROZ
GIROTO,PR,MS,Titular,3,277,3215-5277,3215-2277,09,23,dep.giroto@camara.gov.br,Engenheiro Civil,EDSON GIROTO
GIVALDO CARIMBÃO,PSB,AL,Titular,4,732,3215-5732,3215-2732,10,14,dep.givaldocarimbao@camara.gov.br,Comerciante e Gráfico,GIVALDO DE SÁ GOUVEIA
GLADSON CAMELI,PP,AC,Titular,4,956,3215-5956,3215-2956,03,26,dep.gladsoncameli@camara.gov.br,"Empresário, Engenheiro Civil",GLADSON DE LIMA CAMELI
GLAUBER BRAGA,PSB,RJ,Titular,4,362,3215-5362,3215-2362,06,26,dep.glauberbraga@camara.gov.br,Bacharel Em Direito,GLAUBER DE MEDEIROS BRAGA
GONZAGA PATRIOTA,PSB,PE,Titular,4,430,32155430,3215-2430,04,26,dep.gonzagapatriota@camara.gov.br,"Advogado, Contador , Administrador de Empresas e Jornalista.",LUIZ GONZAGA PATRIOTA
GORETE PEREIRA,PR,CE,Titular,4,206,3215-5206,3215-2206,04,10,dep.goretepereira@camara.gov.br,Fisioterapeuta Ocupacional,MARIA GORETE PEREIRA
GUILHERME CAMPOS,DEM,SP,Titular,3,283,3215-5283,3215-2283,11,20,dep.guilhermecampos@camara.gov.br,Comerciante e Empresário,GUILHERME CAMPOS JÚNIOR
GUILHERME MUSSI,PV,SP,Titular,3,379,3215-5379,3215-2379,10,14,dep.guilhermemussi@camara.gov.br,Administrador de Empresas,GUILHERME MUSSI FERREIRA
HELENO SILVA,PRB,SE,Titular,3,583,3215-5583,3215-2583,07,22,dep.helenosilva@camara.gov.br,"Locutor, Pastor Evangélico, Técnico Agrícola",JOSÉ HELENO DA SILVA
HÉLIO SANTOS,PSDB,MA,Titular,3,268,3215-5268,3215-2268,12,01,dep.heliosantos@camara.gov.br,Agropecuarista,HÉLIO BATISTA DOS SANTOS
HENRIQUE AFONSO,PV,AC,Titular,4,440,32155440,3215-2440,12,03,dep.henriqueafonso@camara.gov.br,Professor de Ensino de Primeiro e Segundo Graus,HENRIQUE AFONSO SOARES LIMA
HENRIQUE EDUARDO ALVES,PMDB,RN,Titular,4,539,3215-5539,3215-2539,12,09,dep.henriqueeduardoalves@camara.gov.br,Bacharel Em Direito,HENRIQUE EDUARDO LYRA ALVES
HENRIQUE FONTANA,PT,RS,Titular,4,915,3215-5915,3215-2915,01,18,dep.henriquefontana@camara.gov.br,Médico e Administrador de Empresas,HENRIQUE FONTANA JÚNIOR
HENRIQUE OLIVEIRA,PR,AM,Titular,4,562,3215-5562,3215-2562,10,16,dep.henriqueoliveira@camara.gov.br,"Apresentador de Televisão, Comunicador, Radialista",JOSÉ HENRIQUE OLIVEIRA
HERMES PARCIANELLO,PMDB,PR,Titular,4,234,3215-5234,3215-2234,04,25,dep.hermesparcianello@camara.gov.br,Contador,HERMES PARCIANELLO
HEULER CRUVINEL,DEM,GO,Titular,3,275,3215-5275,3215-2275,02,06,dep.heulercruvinel@camara.gov.br,,HEULER ABREU CRUVINEL
HOMERO PEREIRA,PR,MT,Titular,4,960,3215-5960,3215-2960,05,25,dep.homeropereira@camara.gov.br,Produtor Rural e Técnico Em Agropecuária,HOMERO ALVES PEREIRA
HUGO LEAL,PSC,RJ,Titular,4,631,3215-5631,3215-2631,08,06,dep.hugoleal@camara.gov.br,Advogado,HUGO LEAL MELO DA SILVA
HUGO MOTTA,PMDB,PB,Titular,3,582,3215-5582,3215-2582,09,11,dep.hugomotta@camara.gov.br,Estudante Universitário,HUGO MOTTA WANDERLEY DA NÓBREGA
HUGO NAPOLEÃO,DEM,PI,Titular,4,414,3215-5414,3215-2414,10,31,dep.hugonapoleao@camara.gov.br,"Advogado, Professor",HUGO NAPOLEÃO DO REGO NETO
INOCÊNCIO OLIVEIRA,PR,PE,Titular,2,26,32158171,3215-2963,10,21,dep.inocenciooliveira@camara.gov.br,Médico,INOCÊNCIO GOMES DE OLIVEIRA
IRACEMA PORTELLA,PP,PI,Titular,4,924,3215-5924,3215-2924,04,23,dep.iracemaportella@camara.gov.br,"Empresária, Professor",IRACEMA MARIA PORTELLA NUNES NOGUEIRA LIMA
IRAJÁ ABREU,DEM,TO,Titular,4,802,3215-5802,3215-2802,02,03,dep.irajaabreu@camara.gov.br,"Empresário, Produtor Rural",IRAJÁ SILVESTRE FILHO
ÍRIS DE ARAÚJO,PMDB,GO,Titular,4,530,3215-5530,3215-2530,05,07,dep.irisdearaujo@camara.gov.br,Administrador Público,ÍRIS DE ARAÚJO REZENDE MACHADO
IVAN VALENTE,PSOL,SP,Titular,4,716,3215-5716,3215-2716,07,05,dep.ivanvalente@camara.gov.br,Matemático e Engenheiro.,IVAN VALENTE
IZALCI,PR,DF,Titular,3,284,3215-5284,3215-2284,04,07,dep.izalci@camara.gov.br,"Contador, Professor",IZALCI LUCAS FERREIRA
JAIME MARTINS,PR,MG,Titular,4,333,3215-5333,3215-2333,06,17,dep.jaimemartins@camara.gov.br,"Empresário, Engenheiro e Advogado",JAIME MARTINS FILHO
JAIR BOLSONARO,PP,RJ,Titular,3,482,3215-5482,3215-2482,03,21,dep.jairbolsonaro@camara.gov.br,Militar,JAIR MESSIAS BOLSONARO
JAIRO ATAÍDE,DEM,MG,Titular,4,809,3215-5809,3215-2809,09,18,,,JAIRO ATAÍDE VIEIRA
JANDIRA FEGHALI,PCdoB,RJ,Titular,4,622,3215-5622,3215-2622,05,17,dep.jandirafeghali@camara.gov.br,"Médico, Músico",JANDIRA FEGHALI
JANETE ROCHA PIETÁ,PT,SP,Titular,3,578,3215-5578,3215-2578,11,03,dep.janeterochapieta@camara.gov.br,Professora e Arquiteta,JANETE ROCHA PIETÁ
JÂNIO NATAL,PRP,BA,Titular,3,587,32155587,32152587,12,25,dep.janionatal@camara.gov.br,Administrador,JÂNIO NATAL ANDRADE BORGES
JAQUELINE RORIZ,PMN,DF,Titular,4,408,3215-5408,3215-2408,08,18,dep.jaquelineroriz@camara.gov.br,Pedagogo,JAQUELINE MARIA RORIZ
JEAN WYLLYS,PSOL,RJ,Titular,4,646,3215-5646,3215-2646,03,10,dep.jeanwyllys@camara.gov.br,"Comunicador, Escritor, Jornalista, Professor Universitário",JEAN WYLLYS DE MATOS SANTOS
JEFFERSON CAMPOS,PSB,SP,Titular,4,346,3215-5346,3215-2346,10,26,dep.jeffersoncampos@camara.gov.br,"Ministro do Evangelho, Advogado, Tecnologo, Radialista, Bacharel Em Teologia",JEFFERSON ALVES DE CAMPOS
JERONIMO GOERGEN,PP,RS,Titular,4,316,3215-5316,3215-2316,01,20,dep.jeronimogoergen@camara.gov.br,Advogado,JERÔNIMO PIZZOLOTTO GOERGEN
JESUS RODRIGUES,PT,PI,Titular,4,706,32155706,3215-2706,04,09,dep.jesusrodrigues@camara.gov.br,Industrial,JESUS RODRIGUES ALVES
JHONATAN DE JESUS,PRB,RR,Titular,4,535,3215-5535,3215-2535,09,03,dep.jhonatandejesus@camara.gov.br,Empresário,JOHNATHAN PEREIRA DE JESUS
JILMAR TATTO,PT,SP,Titular,4,548,3215-5548,3215-2548,06,25,dep.jilmartatto@camara.gov.br,Professor e Empresário,JILMAR AUGUSTINHO TATTO
JÔ MORAES,PCdoB,MG,Titular,4,322,3215-5322,3215-2322,08,09,dep.jomoraes@camara.gov.br,Funcionária Pública,MARIA DO SOCORRO JÔ MORAES
JOAO ANANIAS,PCdoB,CE,Titular,4,303,3215-5303,3215-2303,04,23,dep.joaoananias@camara.gov.br,Doutor Em Medicina,JOÃO ANANIAS VASCONCELOS NETO
JOÃO ARRUDA,PMDB,PR,Titular,4,633,3215-5633,3215-2633,05,22,dep.joaoarruda@camara.gov.br,Bacharel Em Ciências Físicas e Naturais,JOÃO JOSÉ DE ARRUDA JÚNIOR
JOÃO BITTAR,DEM,MG,Titular,4,243,3215-5243,3215-2243,,,,,JOÃO BITTAR JÚNIOR
JOÃO CAMPOS,PSDB,GO,Titular,4,315,3215-5315,3215-2315,12,28,dep.joaocampos@camara.gov.br,Delegado de Polícia,JOÃO CAMPOS DE ARAÚJO
JOÃO CARLOS BACELAR,PR,BA,Titular,4,928,3215-5928,3215-2928,10,08,dep.joaocarlosbacelar@camara.gov.br,Engenheiro Civil,JOÃO CARLOS PAOLILO BACELAR FILHO
JOÃO DADO,PDT,SP,Titular,4,509,3215-5509,3215-2509,12,16,dep.joaodado@camara.gov.br,Agente Fiscal de Rendas,JOÃO EDUARDO DADO LEITE DE CARVALHO
JOÃO LEÃO,PP,BA,Titular,4,320,3215-5320,3215-2320,02,27,dep.joaoleao@camara.gov.br,Empresário,JOÃO FELIPE DE SOUZA LEÃO
JOÃO LYRA,PTB,AL,Titular,4,720,3215-5720,3215-2720,06,17,dep.joaolyra@camara.gov.br,"Advogado, Industrial",JOÃO JOSÉ PEREIRA DE LYRA
JOÃO MAGALHÃES,PMDB,MG,Titular,4,211,3215-5211,3215-2211,02,06,dep.joaomagalhaes@camara.gov.br,Pecuarista e Cafeicultor,JOÃO LÚCIO MAGALHÃES BIFANO
JOÃO MAIA,PR,RN,Titular,4,439,3215-5439,3215-2439,09,20,dep.joaomaia@camara.gov.br,Economista,JOÃO DA SILVA MAIA
JOÃO PAULO CUNHA,PT,SP,Titular,2,2,32155965,32152965,06,06,dep.joaopaulocunha@camara.gov.br,Metalúrgico,JOÃO PAULO CUNHA
JOÃO PAULO LIMA,PT,PE,Titular,4,360,3215-5360,3215-2360,12,31,dep.joaopaulolima@camara.gov.br,Técnico Em Edificações,JOÃO PAULO LIMA E SILVA
JOÃO RODRIGUES,DEM,SC,Titular,4,503,3215-5503,3215-2503,03,23,dep.joaorodrigues@camara.gov.br,"Empresário, Radialista",JOÃO RODRIGUES
JOAQUIM BELTRÃO,PMDB,AL,Titular,4,717,3215-5717,3215-2717,10,25,dep.joaquimbeltrao@camara.gov.br,"Engenheiro Eletricista, Agricultor",JOAQUIM BELTRÃO SIQUEIRA
JONAS DONIZETTE,PSB,SP,Titular,3,471,3215-5471,3215-2471,06,25,dep.jonasdonizette@camara.gov.br,Radialista,JONAS DONIZETTE FERREIRA
JORGE BOEIRA,PT,SC,Titular,4,342,3215-5342,3215-2342,11,05,dep.jorgeboeira@camara.gov.br,Engenheiro Mecânico.,JORGE CATARINO LEONARDELI BOEIRA
JORGE CORTE REAL,PTB,PE,Titular,4,621,3215-5621,3215-2621,05,09,dep.jorgecortereal@camara.gov.br,Engenheiro Civil,JORGE WICKS CÔRTE REAL
JORGE PINHEIRO,PRB,GO,Titular,4,536,3215-5536,3215-2536,10,12,,"Técnico Contabilidade, Estatística, Economia Doméstica e Administração",JORGE DOS REIS PINHEIRO
JORGE TADEU MUDALEN,DEM,SP,Titular,4,538,3215-5538,3215-2538,01,03,dep.jorgetadeumudalen@camara.gov.br,Engenheiro Civil,JORGE TADEU MUDALEN
JORGINHO MELLO,PSDB,SC,Titular,4,329,3215-5329,3215-2329,07,15,dep.jorginhomello@camara.gov.br,"Advogado, Bancário",JORGINHO DOS SANTOS MELLO
JOSÉ AIRTON,PT,CE,Titular,4,734,3215-5734,3215-2734,02,21,dep.joseairtoncirilo@camara.gov.br,Advogado e Engenheiro Civil,JOSÉ AIRTON FÉLIX CIRILO DA SILVA
JOSÉ AUGUSTO MAIA,PTB,PE,Titular,4,758,3215-5758,3215-2758,01,20,dep.joseaugustomaia@camara.gov.br,,JOSÉ AUGUSTO MAIA
JOSÉ CARLOS ARAÚJO,PDT,BA,Titular,4,246,3215-5246,3215-2246,12,21,dep.josecarlosaraujo@camara.gov.br,Administrador.,JOSÉ CARLOS LEÃO DE ARAÚJO
JOSÉ CHAVES,PTB,PE,Titular,4,436,3215-5436,3215-2436,06,08,dep.josechaves@camara.gov.br,Engenheiro Civil e Empresário,JOSÉ SEVERIANO CHAVES
JOSÉ DE FILIPPI JÚNIOR,PT,SP,Titular,4,611,3215-5611,3215-2611,06,02,dep.josedefilippijunior@camara.gov.br,Engenheiro Civil,JOSÉ DE FILIPPI JÚNIOR
JOSÉ GUIMARÃES,PT,CE,Titular,4,358,3215-5358,3215-2358,02,13,dep.joseguimaraes@camara.gov.br,Advogado,JOSÉ NOBRE GUIMARÃES
JOSE HUMBERTO,PHS,MG,Titular,3,267,3215-5267,3215-2267,10,29,dep.josehumberto@camara.gov.br,"Comerciante, Consultor, Engenheiro Mecânico",JOSÉ HUMBERTO SOARES
JOSÉ LINHARES,PP,CE,Titular,4,860,3215-5860,3215-2860,10,21,dep.joselinhares@camara.gov.br,"Padre, Filósofo, Psicólogo, Professor, Pedagogo e Administrador",JOSÉ LINHARES PONTE
JOSÉ MENTOR,PT,SP,Titular,4,502,3215-5502,3215-2502,09,30,dep.josementor@camara.gov.br,Advogado,JOSÉ MENTOR GUILHERME DE MELLO NETTO
JOSÉ NUNES,DEM,BA,Titular,4,728,3215-5728,3215-2728,12,18,dep.josenunes@camara.gov.br,Empresário,JOSÉ NUNES SOARES
JOSÉ OTÁVIO GERMANO,PP,RS,Titular,4,424,3215-5424,3215-2424,04,21,dep.joseotaviogermano@camara.gov.br,Advogado,JOSÉ OTÁVIO GERMANO
JOSÉ PRIANTE,PMDB,PA,Titular,4,752,3215-5752,3215-2752,12,02,dep.josepriante@camara.gov.br,Advogado,JOSÉ BENITO PRIANTE JÚNIOR
JOSÉ ROCHA,PR,BA,Titular,4,908,3215-5908,3215-2908,08,18,dep.joserocha@camara.gov.br,Médico,JOSÉ ALVES ROCHA
JOSE STÉDILE,PSB,RS,Titular,4,354,3215-5354,3215-2354,08,11,dep.josestedile@camara.gov.br,"Administrador Público, Metalúrgico",JOSÉ LUIZ STÉDILE
JOSIAS GOMES,PT,BA,Titular,4,642,3215-5642,3215-2642,10,14,dep.josiasgomes@camara.gov.br,Agrônomo,JOSIAS GOMES DA SILVA
JOSUÉ BENGTSON,PTB,PA,Titular,4,505,3215-5505,3215-2505,05,27,dep.josuebengtson@camara.gov.br,Pastor Evangélico,JOSUÉ BENGTSON
JOVAIR ARANTES,PTB,GO,Titular,4,504,3215-5504,3215-2504,06,04,dep.jovairarantes@camara.gov.br,Cirurgião-dentista,JOVAIR DE OLIVEIRA ARANTES
JÚLIO CAMPOS,DEM,MT,Titular,4,524,3215-5524,3215-2524,12,11,dep.juliocampos@camara.gov.br,"Empresário, Engenheiro Agrônomo",JÚLIO JOSÉ DE CAMPOS
JÚLIO CESAR,DEM,PI,Titular,4,944,3215-5944,3215-2944,08,25,dep.juliocesar@camara.gov.br,"Professor, Advogado e Produtor Rural",JÚLIO CÉSAR DE CARVALHO LIMA
JÚLIO DELGADO,PSB,MG,Titular,4,323,3215-5323,3215-2323,11,18,dep.juliodelgado@camara.gov.br,Consultor e Advogado,JÚLIO CÉSAR DELGADO
JULIO LOPES,PP,RJ,Titular,4,544,3215-5544,3215-2544,04,06,dep.juliolopes@camara.gov.br,"Administrador de Empresas, Professor",JULIO LUIZ BAPTISTA LOPES
JÚNIOR COIMBRA,PMDB,TO,Titular,3,274,3215-5274,3215-2274,03,28,dep.juniorcoimbra@camara.gov.br,,RAIMUNDO COIMBRA JÚNIOR
JUNJI ABE,DEM,SP,Titular,4,340,3215-5340,3215-2340,12,15,dep.junjiabe@camara.gov.br,"Consultor, Empresário Rural",JUNJI ABE
JUTAHY JUNIOR,PSDB,BA,Titular,4,407,3215-5407,3215-2407,10,14,dep.jutahyjunior@camara.gov.br,Advogado,JUTAHY MAGALHÃES JÚNIOR
KEIKO OTA,PSB,SP,Titular,4,523,3215-5523,3215-2523,09,28,dep.keikoota@camara.gov.br,"Empresária, Escritor",IOLANDA KEIKO MIASHIRO OTA
LAEL VARELLA,DEM,MG,Titular,4,721,3215-5721,3215-2721,02,19,dep.laelvarella@camara.gov.br,Empresário,LAEL VIEIRA VARELLA
LAERCIO OLIVEIRA,PR,SE,Titular,4,629,3215-5629,3215-2629,04,15,dep.laerciooliveira@camara.gov.br,Administrador de Empresas,LAERCIO JOSÉ DE OLIVEIRA
LAUREZ MOREIRA,PSB,TO,Titular,4,736,3215-5736,3215-2736,07,03,dep.laurezmoreira@camara.gov.br,Advogado,LAUREZ DA ROCHA MOREIRA
LAURIETE,PSC,ES,Titular,4,223,3215-5223,3215-2223,02,23,dep.lauriete@camara.gov.br,Empresária,LAURIETE RODRIGUES DE ALMEIDA
LÁZARO BOTELHO,PP,TO,Titular,3,278,3215-5278,3215-2278,02,11,dep.lazarobotelho@camara.gov.br,"Empresário, Pecuarista",LÁZARO BOTELHO MARTINS
LEANDRO VILELA,PMDB,GO,Titular,4,309,3215-5309,3215-2309,11,07,dep.leandrovilela@camara.gov.br,Comerciante,LEANDRO VILELA VELLOSO
LELO COIMBRA,PMDB,ES,Titular,4,801,3215-5801,3215-2801,06,21,dep.lelocoimbra@camara.gov.br,Médico,WELINGTON COIMBRA
LEONARDO MONTEIRO,PT,MG,Titular,4,922,3215-5922,3215-2922,10,09,dep.leonardomonteiro@camara.gov.br,Advogado,JOSÉ LEONARDO COSTA MONTEIRO
LEONARDO PICCIANI,PMDB,RJ,Titular,4,302,3215-5302,3215-2302,11,06,dep.leonardopicciani@camara.gov.br,Agropecuarista e Estudante de Direito.,LEONARDO CARNEIRO MONTEIRO PICCIANI
LEONARDO QUINTÃO,PMDB,MG,Titular,4,914,3215-5914,3215-2914,04,01,dep.leonardoquintao@camara.gov.br,Empresário,LEONARDO LEMOS BARROS QUINTÃO
LEOPOLDO MEYER,PSB,PR,Titular,4,233,3215-5233,3215-2233,11,29,dep.leopoldomeyer@camara.gov.br,Engenheiro Civil,LEOPOLDO COSTA MEYER
LILIAM SÁ,PR,RJ,Titular,4,434,3215-5434,3215-2434,04,22,dep.liliamsa@camara.gov.br,"Apresentador de Televisão, Estudante Universitário, Radialista",LILIAM SÁ DE PAULA
LINCOLN PORTELA,PR,MG,Titular,4,615,3215-5615,3215-2615,11,03,dep.lincolnportela@camara.gov.br,Radialista e Comunicador.,LINCOLN DINIZ PORTELA
LINDOMAR GARÇON,PV,RO,Titular,4,254,3215-5254,3215-2254,10,18,dep.lindomargarcon@camara.gov.br,Comerciante,LINDOMAR BARBOSA ALVES
LIRA MAIA,DEM,PA,Titular,4,516,3215-5516,3215-2516,09,01,dep.liramaia@camara.gov.br,Engenheiro Agrônomo,JOAQUIM DE LIRA MAIA
LOURIVAL MENDES,PTdoB,MA,Titular,4,937,3215-5937,3215-2937,03,27,dep.lourivalmendes@camara.gov.br,"Delegado de Polícia de Classe Especial, Político",LOURIVAL MENDES DA FONSECA FILHO
LUCI CHOINACKI,PT,SC,Titular,4,306,3215-5306,3215-2306,03,17,dep.lucichoinacki@camara.gov.br,Agricultor,LUCI TERESINHA KOSWOSKI CHOINACKI
LUCIANA SANTOS,PCdoB,PE,Titular,4,531,3215-5531,3215-2531,12,29,dep.lucianasantos@camara.gov.br,Engenheiro Elétrico,LUCIANA BARBOSA DE OLIVEIRA SANTOS
LUCIANO CASTRO,PR,RR,Titular,4,401,3215-5401,3215-2401,08,22,dep.lucianocastro@camara.gov.br,Administrador e Economista,LUCIANO DE SOUZA CASTRO
LUCIANO MOREIRA,PMDB,MA,Titular,4,831,3215-5831,3215-2831,07,29,dep.lucianomoreira@camara.gov.br,Economista,LUCIANO FERNANDES MOREIRA
LÚCIO VALE,PR,PA,Titular,4,822,3215-5822,3215-2822,12,27,dep.luciovale@camara.gov.br,Administrador de Empresas,LÚCIO DUTRA VALE
LUCIO VIEIRA LIMA,PMDB,BA,Titular,4,612,2155612,3215-2612,11,19,dep.luciovieiralima@camara.gov.br,"Cacauicultor, Engenheiro Agrônomo, Pecuarista",LÚCIO QUADROS VIEIRA LIMA
LUIS CARLOS HEINZE,PP,RS,Titular,4,526,3215-5526,3215-2526,09,14,dep.luiscarlosheinze@camara.gov.br,Engenheiro Agrônomo e Produtor Rural,LUIS CARLOS HEINZE
LUIS TIBE,PTdoB,MG,Titular,4,632,3215-5632,3215-2632,07,23,dep.luistibe@camara.gov.br,,LUIS HENRIQUE DE OLIVEIRA RESENDE
LUIZ ALBERTO,PT,BA,Titular,4,954,3215-5954,3215-2954,01,03,dep.luizalberto@camara.gov.br,Técnico Químico,LUIZ ALBERTO SILVA DOS SANTOS
LUIZ ARGÔLO,PP,BA,Titular,4,643,3215-5643,3215-2643,06,23,dep.luizargolo@camara.gov.br,"Administrador, Empresário, Pecuarista",JOÃO LUIZ CORREIA ARGÔLO DOS SANTOS
LUIZ CARLOS,PSDB,AP,Titular,4,750,3215-5750,3215-2750,08,16,dep.luizcarlos@camara.gov.br,Advogado,LUIZ CARLOS GOMES DOS SANTOS JUNIOR
LUIZ COUTO,PT,PB,Titular,4,442,3215-5442,3215-2442,02,13,dep.luizcouto@camara.gov.br,Professor Adjunto,LUIZ ALBUQUERQUE COUTO
LUIZ FERNANDO FARIA,PP,MG,Titular,4,339,3215-5339,3215-2339,09,12,dep.luizfernandofaria@camara.gov.br,"Engenheiro Mecânico, Agropecuarista, Empresário - Administração",LUIZ FERNANDO RAMOS FARIA
LUIZ FERNANDO MACHADO,PSDB,SP,Titular,4,832,3215-5832,3215-2832,10,08,dep.luizfernandomachado@camara.gov.br,,LUIZ FERNANDO ARANTES MACHADO
LUIZ NISHIMORI,PSDB,PR,Titular,4,220,3215-5220,3215-2220,,,,,LUIZ HILOSHI NISHIMORI
LUIZ NOÉ,PSB,RS,Titular,4,338,3215-5338,3215-2338,,,,,LUIZ NOE SOUZA SOARES
LUIZ OTAVIO,PMDB,PA,Titular,4,410,3215-5410,3215-2410,,,,,LUIZ OTAVIO OLIVEIRA CAMPOS
LUIZ PITIMAN,PMDB,DF,Titular,4,931,3215-5931,3215-2931,03,30,dep.luizpitiman@camara.gov.br,Empresário Industrial,LUIZ CARLOS PIETSCHMANN
LUIZA ERUNDINA,PSB,SP,Titular,4,620,3215-5620,3215-2620,11,30,dep.luizaerundina@camara.gov.br,Assistente Social,LUIZA ERUNDINA DE SOUSA
MANATO,PDT,ES,Titular,4,313,3215-5313,3215-2313,08,07,dep.manato@camara.gov.br,Medico,CARLOS HUMBERTO MANNATO
MANDETTA,DEM,MS,Titular,3,577,3215-5577,3215-2577,11,30,dep.mandetta@camara.gov.br,Médico,LUIZ HENRIQUE MANDETTA
MANOEL JUNIOR,PMDB,PB,Titular,4,601,3215-5601,3215-2601,02,21,dep.manoeljunior@camara.gov.br,Médico,MANOEL ALVES DA SILVA JUNIOR
MANOEL SALVIANO,PSDB,CE,Titular,4,506,3215-5506,3215-2506,10,18,dep.manoelsalviano@camara.gov.br,Médico e Industrial,MANOEL SALVIANO SOBRINHO
MANUELA D\'ÁVILA,PCdoB,RS,Titular,4,438,3215-5438,3215-2438,08,18,dep.manueladavila@camara.gov.br,Jornalista,MANUELA PINTO VIEIRA D\'ÁVILA
MARA GABRILLI,PSDB,SP,Titular,4,226,3215-5226,3215-2226,09,28,dep.maragabrilli@camara.gov.br,"Político, Psicólogo, Publicitário",MARA CRISTINA GABRILLI
MARÇAL FILHO,PMDB,MS,Titular,4,448,32155448,3215-2448,10,14,dep.marcalfilho@camara.gov.br,,MARÇAL GONÇALVES LEITE FILHO
MARCELO AGUIAR,PSC,SP,Titular,4,321,3215-5321,3215-2321,09,16,dep.marceloaguiar@camara.gov.br,Músico,MARCELO THEODORO DE AGUIAR
MARCELO CASTRO,PMDB,PI,Titular,4,811,3215-5811,3215-2811,06,09,dep.marcelocastro@camara.gov.br,Médico - Mestrado Em Psiquiatria,MARCELO COSTA E CASTRO
MARCELO MATOS,PDT,RJ,Titular,3,579,3215-5579,3215-2579,05,26,dep.marcelomatos@camara.gov.br,Empresário,MARCELO VIVIANI GONÇALVES
MARCIO BITTAR,PSDB,AC,Titular,4,952,3215-5952,3215-2952,06,28,dep.marciobittar@camara.gov.br,Agropecuarista,MÁRCIO MIGUEL BITTAR
MÁRCIO MACÊDO,PT,SE,Titular,4,654,3215-5654,3215-2654,09,18,dep.marciomacedo@camara.gov.br,"Biólogo, Professor",MÁRCIO COSTA MACÊDO
MÁRCIO MARINHO,PRB,BA,Titular,4,326,3215-5326,3215-2326,12,12,dep.marciomarinho@camara.gov.br,Radialista,MÁRCIO CARLOS MARINHO
MÁRCIO REINALDO MOREIRA,PP,MG,Titular,4,819,3215-5819,3215-2819,11,03,dep.marcioreinaldomoreira@camara.gov.br,Economista e Analista de Orçamentos,MÁRCIO REINALDO DIAS MOREIRA
MARCO MAIA,PT,RS,Titular,2,14,3215-5964,3215-2964,12,27,dep.marcomaia@camara.gov.br,Industriário (metalúrgico),MARCO AURÉLIO SPALL MAIA
MARCO TEBALDI,PSDB,SC,Titular,3,483,3215-5483,3215-2483,01,31,dep.marcotebaldi@camara.gov.br,"Engenheiro, Funcionário Público",MARCO ANTONIO TEBALDI
MARCON,PT,RS,Titular,3,569,3215-5569,3215-2569,09,21,dep.marcon@camara.gov.br,Agricultor,DIONILSO MATEUS MARCON
MARCOS MEDRADO,PDT,BA,Titular,4,834,3215-5834,3215-2834,06,30,dep.marcosmedrado@camara.gov.br,Administrador de Empresa e Radialista,MARCOS ANTONIO MEDRADO
MARCOS MONTES,DEM,MG,Titular,4,334,3215-5334,3215-2334,08,03,dep.marcosmontes@camara.gov.br,"Médico, Professor de Medicina, Médico do Trabalho",MARCOS MONTES CORDEIRO
MARCUS PESTANA,PSDB,MG,Titular,4,715,32155715,3215-2715,06,13,dep.marcuspestana@camara.gov.br,"Economista, Professor Universitário",MARCUS VINÍCIUS CAETANO PESTANA DA SILVA
MARINHA RAUPP,PMDB,RO,Titular,4,614,3215-5614,3215-2614,11,23,dep.marinharaupp@camara.gov.br,"Psicóloga, Técnica Em Assuntos Educacionais, Professora e Servidora Pública",MARINHA CÉLIA ROCHA RAUPP DE MATOS
MÁRIO DE OLIVEIRA,PSC,MG,Titular,4,341,3215-5341,3215-2341,11,03,dep.mariodeoliveira@camara.gov.br,Ministro Evangélico,MÁRIO DE OLIVEIRA
MARLLOS SAMPAIO,PMDB,PI,Titular,4,906,3215-5906,3215-2906,12,28,dep.marllossampaio@camara.gov.br,Delegado de Polícia,MARLLOS ROSSANO RIBEIRO GONÇALVES DE SAMPAIO
MAURÍCIO DZIEDRICKI,PTB,RS,Titular,3,570,3215-5570,3215-2570,,,,,MAURÍCIO ALEXANDRE DZIEDRICKI
MAURÍCIO QUINTELLA LESSA,PR,AL,Titular,4,425,3215-5425,3215-2425,03,28,dep.mauricioquintellalessa@camara.gov.br,Servidor Público,MAURÍCIO QUINTELLA MALTA LESSA
MAURÍCIO RANDS,PT,PE,Titular,4,256,3215-5256,3215-2256,09,17,dep.mauriciorands@camara.gov.br,Advogado,MAURÍCIO RANDS COELHO BARROS
MAURÍCIO TRINDADE,PR,BA,Titular,4,456,3215-5456,3215-2456,09,10,dep.mauriciotrindade@camara.gov.br,Médico Dentista,MAURÍCIO GONÇALVES TRINDADE
MAURO BENEVIDES,PMDB,CE,Titular,4,607,3215-5607,3215-2607,03,21,dep.maurobenevides@camara.gov.br,"Advogado, Professor, Administrador E
jornalista",CARLOS MAURO CABRAL BENEVIDES
MAURO LOPES,PMDB,MG,Titular,4,844,3215-5844,3215-2844,05,24,dep.maurolopes@camara.gov.br,Empresário e Bacharel Em Direito,MAURO RIBEIRO LOPES
MAURO MARIANI,PMDB,SC,Titular,4,925,3215-5925,3215-2925,01,08,dep.mauromariani@camara.gov.br,Diretor de Empresas,MAURO MARIANI
MAURO NAZIF,PSB,RO,Titular,4,948,3215-5948,3215-2948,01,30,dep.mauronazif@camara.gov.br,Médico,MAURO NAZIF RASUL
MENDES RIBEIRO FILHO,PMDB,RS,Titular,4,222,3215-5222,3215-2222,12,27,dep.mendesribeirofilho@camara.gov.br,Advogado,JORGE ALBERTO PORTANOVA MENDES RIBEIRO FILHO
MENDONÇA FILHO,DEM,PE,Titular,4,314,3215-5314,3215-2314,07,12,dep.mendoncafilho@camara.gov.br,Administrador de Empresas,JOSÉ MENDONÇA BEZERRA FILHO
MENDONÇA PRADO,DEM,SE,Titular,4,508,3215-5508,3215-2508,10,14,dep.mendoncaprado@camara.gov.br,Advogado,JOSÉ DE ARAÚJO MENDONÇA SOBRINHO
MIGUEL CORRÊA,PT,MG,Titular,4,627,3215-5627,3215-2627,06,11,dep.miguelcorrea@camara.gov.br,Professor e Comunicador,MIGUEL CORRÊA DA SILVA JÚNIOR
MILTON MONTI,PR,SP,Titular,4,328,3215-5328,3215-2328,06,11,dep.miltonmonti@camara.gov.br,Economista,MILTON ANTONIO CASQUEL MONTI
MIRIQUINHO BATISTA,PT,PA,Titular,4,435,3215-5435,3215-2435,07,11,dep.miriquinhobatista@camara.gov.br,Professor de Ensino Médio,ESMERINO NERI BATISTA FILHO
MIRO TEIXEIRA,PDT,RJ,Titular,3,270,3215-5270,3215-2270,05,27,dep.miroteixeira@camara.gov.br,Advogado,MIRO TEIXEIRA
MISSIONÁRIO JOSÉ OLIMPIO,PP,SP,Titular,4,507,3215-5507,3215-2507,12,11,dep.missionariojoseolimpio@camara.gov.br,Comerciante,JOSÉ OLIMPIO SILVEIRA MORAES
MOACIR MICHELETTO,PMDB,PR,Titular,3,478,3215-5478,3215-2478,11,25,dep.moacirmicheletto@camara.gov.br,"Engenheiro Agrônomo, Administrador Rural e Extensionista Agrícola",MOACIR MICHELETTO
MOREIRA MENDES,PPS,RO,Titular,4,943,3215-5943,3215-2943,07,19,dep.moreiramendes@camara.gov.br,"Advogado, Agropecuarista",RUBENS MOREIRA MENDES FILHO
NATAN DONADON,PMDB,RO,Titular,4,239,32155239,3215-2239,07,27,dep.natandonadon@camara.gov.br,Funcionário Público,NATAN DONADON
NAZARENO FONTELES,PT,PI,Titular,4,640,3215-5640,3215-2640,05,04,,Médico,JOSÉ NAZARENO CARDEAL FONTELES
NEILTON MULIM,PR,RJ,Titular,4,639,3215-5639,3215-2639,07,22,dep.neiltonmulim@camara.gov.br,Professor de Matemática,NEILTON MULIM DA COSTA
NELSON MARCHEZAN JUNIOR,PSDB,RS,Titular,3,368,3215-5368,3215-2368,11,30,dep.nelsonmarchezanjunior@camara.gov.br,Advogado,NELSON MARCHEZAN JÚNIOR
NELSON MARQUEZELLI,PTB,SP,Titular,4,920,32158350,3215-2920,10,29,dep.nelsonmarquezelli@camara.gov.br,Empresário,NELSON MARQUEZELLI
NELSON MEURER,PP,PR,Titular,4,916,3215-5916,3215-2916,07,23,dep.nelsonmeurer@camara.gov.br,Agropecuarista,NELSON MEURER
NELSON PADOVANI,PSC,PR,Titular,4,513,3215-5513,3215-2513,09,17,dep.nelsonpadovani@camara.gov.br,Empresário,NELSON PADOVANI
NELSON PELLEGRINO,PT,BA,Titular,4,826,3215-5826,3215-2826,12,27,dep.nelsonpellegrino@camara.gov.br,Advogado,NELSON VICENTE PORTELA PELLEGRINO
NERI GELLER,PP,MT,Titular,4,837,3215-5837,3215-2837,11,07,,,NERI GELLER
NEWTON CARDOSO,PMDB,MG,Titular,4,932,3215-5932,3215-2932,05,22,dep.newtoncardoso@camara.gov.br,"Administrador, Advogado, Empresário, Sociólogo",NEWTON CARDOSO
NEWTON LIMA,PT,SP,Titular,4,805,3215-5805,3215-2805,02,28,dep.newtonlima@camara.gov.br,Professor Universitário,NEWTON LIMA NETO
NICE LOBÃO,DEM,MA,Titular,4,215,3215-5215,3215-2215,10,29,dep.nicelobao@camara.gov.br,Servidora Pública,NICE LOBÃO
NILDA GONDIM,PMDB,PB,Titular,4,833,3215-5833,3215-2833,03,30,dep.nildagondim@camara.gov.br,,OZANILDA GONDIM VITAL DO REGO
NILTON CAPIXABA,PTB,RO,Titular,4,724,3215-5724,3215-2724,02,09,dep.niltoncapixaba@camara.gov.br,Empresário,NILTON BALBINO
ODAIR CUNHA,PT,MG,Titular,4,556,32155556,3215-2556,06,18,dep.odaircunha@camara.gov.br,Advogado,ODAIR JOSÉ DA CUNHA
ONOFRE SANTO AGOSTINI,DEM,SC,Titular,4,404,3215-5404,3215-2404,03,22,dep.onofresantoagostini@camara.gov.br,Serventuário da Justiça,ONOFRE SANTO AGOSTINI
ONYX LORENZONI,DEM,RS,Titular,4,828,3215-5828,3215-2828,10,03,dep.onyxlorenzoni@camara.gov.br,Veterinario,ONYX DORNELLES LORENZONI
OSMAR JÚNIOR,PCdoB,PI,Titular,4,356,3215-5356,3215-2356,10,08,dep.osmarjunior@camara.gov.br,Bacharel Em Direito,OSMAR RIBEIRO DE ALMEIDA JÚNIOR
OSMAR SERRAGLIO,PMDB,PR,Titular,4,845,32155845,3215-2845,05,23,dep.osmarserraglio@camara.gov.br,Advogado,OSMAR JOSÉ SERRAGLIO
OSMAR TERRA,PMDB,RS,Titular,4,927,3215-5927,3215-2927,02,18,dep.osmarterra@camara.gov.br,Médico,OSMAR GASPARINI TERRA
OTAVIO LEITE,PSDB,RJ,Titular,4,225,3215-5225,3215-2225,07,29,dep.otavioleite@camara.gov.br,Advogado e Professor de Direito,OTÁVIO SANTOS SILVA LEITE
OTONIEL LIMA,PRB,SP,Titular,3,370,3215-5370,3215-2370,06,19,dep.otoniellima@camara.gov.br,,OTONIEL CARLOS DE LIMA
OZIEL OLIVEIRA,PDT,BA,Titular,4,635,3215-5635,3215-2635,03,23,dep.ozieloliveira@camara.gov.br,"Administrador, Agricultor",OZIEL ALVES DE OLIVEIRA
PADRE JOAO,PT,MG,Titular,4,743,3215-5743,3215-2743,02,28,dep.padrejoao@camara.gov.br,Sacerdote Católico,JOÃO CARLOS SIQUEIRA
PADRE TON,PT,RO,Titular,3,280,3215-5280,3215-2280,11,04,dep.padreton@camara.gov.br,,MÁRITON BENEDITO DE HOLANDA
PAES LANDIM,PTB,PI,Titular,4,648,3215-5648,3215-2648,03,23,dep.paeslandim@camara.gov.br,Professor e Advogado,JOSÉ FRANCISCO PAES LANDIM
PASTOR EURICO,PSB,PE,Titular,3,369,3215-5369,3215-2369,09,12,dep.pastoreurico@camara.gov.br,"Comerciário, Comunicador de Rádio",FRANCISCO EURICO DA SILVA
PASTOR MARCO FELICIANO,PSC,SP,Titular,3,366,3215-5366,3215-2366,10,12,dep.pastormarcofeliciano@camara.gov.br,"Conferencista, Empresário, Pastor Evangélico",MARCO ANTÔNIO FELICIANO
PAUDERNEY AVELINO,DEM,AM,Titular,4,610,3215-5610,3215-2610,09,24,dep.pauderneyavelino@camara.gov.br,"Engenheiro Civil, Professor",PAUDERNEY TOMAZ AVELINO
PAULO ABI-ACKEL,PSDB,MG,Titular,4,460,3215-5460,3215-2460,06,21,dep.pauloabiackel@camara.gov.br,Advogado,PAULO ABI-ACKEL
PAULO BORNHAUSEN,DEM,SC,Titular,4,708,3215-5708,3215-2708,09,19,dep.paulobornhausen@camara.gov.br,Advogado,PAULO ROBERTO BARRETO BORNHAUSEN
PAULO CESAR QUARTIERO,DEM,RR,Titular,3,375,3215-5375,3215-2375,07,16,dep.paulocesarquartiero@camara.gov.br,Engenheiro Agrônomo,PAULO CÉSAR JUSTO QUARTIERO
PAULO FOLETTO,PSB,ES,Titular,4,839,3215-5839,3215-2839,04,30,dep.paulofoletto@camara.gov.br,Médico,PAULO ROBERTO FOLETTO
PAULO FREIRE,PR,SP,Titular,3,273,3215-5273,3215-2273,02,14,dep.paulofreire@camara.gov.br,Ministro do Evangelho,PAULO ROBERTO FREIRE DA COSTA
PAULO MAGALHÃES,DEM,BA,Titular,4,903,3215-5903,3215-2903,11,28,dep.paulomagalhaes@camara.gov.br,Administrador de Empresas,PAULO SÉRGIO PARANHOS DE MAGALHÃES
PAULO MALUF,PP,SP,Titular,4,512,3215-5512,3215-2512,09,03,dep.paulomaluf@camara.gov.br,"Engenheiro Civil, Industrial",PAULO SALIM MALUF
PAULO PEREIRA DA SILVA,PDT,SP,Titular,4,217,3215-5217,3215-2217,02,24,dep.paulopereiradasilva@camara.gov.br,"Sindicalista, Controlador de Qualidade, Metalúrgico",PAULO PEREIRA DA SILVA
PAULO PIAU,PMDB,MG,Titular,4,626,3215-5626,3215-2626,08,23,dep.paulopiau@camara.gov.br,Engenheiro Agrônomo,PAULO PIAU NOGUEIRA
PAULO PIMENTA,PT,RS,Titular,4,552,3215-5552,3215-2552,03,19,dep.paulopimenta@camara.gov.br,Técnico Agrícola e Jornalista,PAULO ROBERTO SEVERO PIMENTA
PAULO TEIXEIRA,PT,SP,Titular,3,281,3215-5281,3215-2281,05,06,dep.pauloteixeira@camara.gov.br,Advogado,LUIZ PAULO TEIXEIRA FERREIRA
PAULO WAGNER,PV,RN,Titular,4,324,3215-5324,3215-2324,07,19,dep.paulowagner@camara.gov.br,Apresentador de Televisão,PAULO WAGNER LEITE DANTAS
PEDRO CHAVES,PMDB,GO,Titular,4,406,3215-5406,3215-2406,08,28,dep.pedrochaves@camara.gov.br,Engenheiro Civil,PEDRO PINHEIRO CHAVES
PEDRO EUGÊNIO,PT,PE,Titular,4,902,3215-5902,3215-2902,03,29,dep.pedroeugenio@camara.gov.br,Economista e Professor Universitário,PEDRO EUGÊNIO DE CASTRO TOLEDO CABRAL
PEDRO FERNANDES,PTB,MA,Titular,4,814,3215-5814,3215-2814,03,02,dep.pedrofernandes@camara.gov.br,Engenheiro Civil e Bancário,PEDRO FERNANDES RIBEIRO
PEDRO UCZAI,PT,SC,Titular,4,229,3215-5229,3215-2229,03,10,dep.pedrouczai@camara.gov.br,Professor Universitário,PEDRO FRANCISCO UCZAI
PENNA,PV,SP,Titular,4,205,3215-5205,3215-2205,12,27,dep.penna@camara.gov.br,"Ator, Cantor, Compositor, Músico",JOSÉ LUIZ DE FRANÇA PENNA
PEPE VARGAS,PT,RS,Titular,4,545,3215-5545,3215-2545,10,29,dep.pepevargas@camara.gov.br,Médico,GILBERTO JOSÉ SPIER VARGAS
PERPÉTUA ALMEIDA,PCdoB,AC,Titular,4,625,3215-5625,3215-2625,12,28,dep.perpetuaalmeida@camara.gov.br,Professora e Bancária,MARIA PERPÉTUA DE ALMEIDA
PINTO ITAMARATY,PSDB,MA,Titular,4,933,3215-5933,3215-2933,05,10,dep.pintoitamaraty@camara.gov.br,Administrador de Empresas,JOSÉ ELEONILDO SOARES
POLICARPO,PT,DF,Titular,4,941,3215-5941,3215-2941,,,,,ROBERTO POLICARPO FAGUNDES
PROFESSOR SETIMO,PMDB,MA,Titular,4,550,3215-5550,3215-2550,11,27,dep.professorsetimo@camara.gov.br,Professor de Ensino Médio,SÉTIMO WAQUIM
PROFESSORA DORINHA SEABRA REZENDE,DEM,TO,Titular,4,432,3215-5432,3215-2432,10,01,dep.professoradorinhaseabrarezende@camara.gov.br,Professor Universitário,MARIA AUXILIADORA SEABRA REZENDE
PROFESSORA MARCIVANIA,PT,AP,Titular,4,209,3215-5209,3215-2209,06,21,dep.professoramarcivania@camara.gov.br,"Professor de Português, Servidor Público Estadual",MARCIVANIA DO SOCORRO DA ROCHA FLEXA
RAIMUNDÃO,PMDB,CE,Titular,4,318,32155318,3215-2318,11,30,dep.raimundao@camara.gov.br,Médico,RAIMUNDO ANTONIO DE MACEDO
RAIMUNDO GOMES DE MATOS,PSDB,CE,Titular,4,725,3215-5725,3215-2725,03,30,dep.raimundogomesdematos@camara.gov.br,Médico,RAIMUNDO GOMES DE MATOS
RATINHO JUNIOR,PSC,PR,Titular,4,521,3215-5521,3215-2521,04,19,dep.ratinhojunior@camara.gov.br,"Empresário, Diretor de Empresas e Comunicador",CARLOS ROBERTO MASSA JÚNIOR
RAUL HENRY,PMDB,PE,Titular,4,707,32155707,3215-2707,06,06,dep.raulhenry@camara.gov.br,Economista,RAUL JEAN LOUIS HENRY JÚNIOR
RAUL LIMA,PP,RR,Titular,3,381,3215-5381,3215-2381,12,02,dep.raullima@camara.gov.br,Administrador,RAUL DA SILVA LIMA SOBRINHO
REBECCA GARCIA,PP,AM,Titular,4,520,3215-5520,3215-2520,04,28,dep.rebeccagarcia@camara.gov.br,Economista,REBECCA MARTINS GARCIA
REGINALDO LOPES,PT,MG,Titular,4,426,3215-5426,3215-2426,04,02,dep.reginaldolopes@camara.gov.br,Economista,REGINALDO LÁZARO DE OLIVEIRA LOPES
REGUFFE,PDT,DF,Titular,3,372,3215-5372,3215-2372,09,05,dep.reguffe@camara.gov.br,"Economista, Jornalista",JOSÉ ANTÔNIO MACHADO REGUFFE
REINALDO AZAMBUJA,PSDB,MS,Titular,3,572,3215-5572,3215-2572,05,13,dep.reinaldoazambuja@camara.gov.br,Agropecuarista,REINALDO AZAMBUJA SILVA
REINHOLD STEPHANES,PMDB,PR,Titular,4,820,3215-5820,3215-2820,08,13,dep.reinholdstephanes@camara.gov.br,Economista,REINHOLD STEPHANES
RENAN FILHO,PMDB,AL,Titular,4,907,3215-5907,3215-2907,10,08,dep.renanfilho@camara.gov.br,Economista,JOSÉ RENAN VASCONCELOS CALHEIROS FILHO
RENATO MOLLING,PP,RS,Titular,4,337,3215-5337,3215-2337,10,01,dep.renatomolling@camara.gov.br,"Administrador, Assessor Político, Industriário, Professor e Auxiliar de Escritório",RENATO DELMAR MOLLING
RENZO BRAZ,PP,MG,Titular,3,373,3215-5373,3215-2373,04,11,dep.renzobraz@camara.gov.br,Administrador de Empresas,RENZO DO AMARAL BRAZ
RIBAMAR ALVES,PSB,MA,Titular,4,729,3215-5729,3215-2729,06,15,dep.ribamaralves@camara.gov.br,Medico,JOSÉ DE RIBAMAR COSTA ALVES
RICARDO BERZOINI,PT,SP,Titular,4,344,3215-5344,3215-2344,02,10,dep.ricardoberzoini@camara.gov.br,Bancário,RICARDO JOSÉ RIBEIRO BERZOINI
RICARDO IZAR,PV,SP,Titular,4,634,3215-5634,3215-2634,08,01,dep.ricardoizar@camara.gov.br,"Economista, Empresário",RICARDO IZAR JUNIOR
RICARDO TRIPOLI,PSDB,SP,Titular,4,241,3215-5241,3215-2241,04,17,dep.ricardotripoli@camara.gov.br,Advogado.,JOSÉ RICARDO ALVARENGA TRIPOLI
ROBERTO BALESTRA,PP,GO,Titular,4,219,3215-5219,3215-2219,05,24,dep.robertobalestra@camara.gov.br,"Agropecuarista, Técnico Em Laticínios, Comerciante, Industrial e Advogado",ROBERTO EGÍDIO BALESTRA
ROBERTO BRITTO,PP,BA,Titular,4,733,3215-5733,3215-2733,04,03,dep.robertobritto@camara.gov.br,Professor Universitário,ROBERTO PEREIRA DE BRITTO
ROBERTO DE LUCENA,PV,SP,Titular,4,235,3215-5235,3215-2235,04,18,dep.robertodelucena@camara.gov.br,"Conferencista, Escritor, Pastor Evangélico",ROBERTO ALVES DE LUCENA
ROBERTO DORNER,PP,MT,Titular,4,829,3215-5829,3215-2829,,,,,ROBERTO DORNER
ROBERTO FREIRE,PPS,SP,Titular,4,606,3215-5606,3215-2606,04,20,dep.robertofreire@camara.gov.br,Advogado,ROBERTO JOÃO PEREIRA FREIRE
ROBERTO SANTIAGO,PV,SP,Titular,4,533,3215-5533,3215-2533,07,01,dep.robertosantiago@camara.gov.br,"Comerciário, Sindicalista, Juiz, Presidente da Fundacentro, Superintendente do Inss/sp",JOSÉ ROBERTO SANTIAGO GOMES
ROBERTO TEIXEIRA,PP,PE,Titular,4,450,3215-5450,3215-2450,10,02,dep.robertoteixeira@camara.gov.br,Odontólogo,ROBERTO SÉRGIO RIBEIRO COUTINHO TEIXEIRA
RODRIGO BETHLEM,PMDB,RJ,Titular,3,585,3215-5585,3215-2585,02,15,dep.rodrigobethlem@camara.gov.br,,RODRIGO BETHLEM FERNANDES
RODRIGO DE CASTRO,PSDB,MG,Titular,4,701,3215-5701,3215-2701,07,15,dep.rodrigodecastro@camara.gov.br,Advogado e Administrador de Empresas,RODRIGO BATISTA DE CASTRO
RODRIGO GARCIA,DEM,SP,Titular,4,760,3215-5760,3215-2760,05,10,dep.rodrigogarcia@camara.gov.br,,RODRIGO GARCIA
RODRIGO MAIA,DEM,RJ,Titular,4,308,3215-5308,3215-2308,06,12,dep.rodrigomaia@camara.gov.br,Bancário,RODRIGO FELINTO IBARRA EPITÁCIO MAIA
ROGÉRIO CARVALHO,PT,SE,Titular,4,641,3215-5641,3215-2641,08,02,dep.rogeriocarvalho@camara.gov.br,Médico,ROGÉRIO CARVALHO SANTOS
ROGÉRIO MARINHO,PSDB,RN,Titular,4,840,3215-5840,3215-2840,11,26,,,ROGERIO SIMONETTI MARINHO
ROGÉRIO PENINHA MENDONÇA,PMDB,SC,Titular,4,656,3215-5656,3215-2656,01,27,dep.rogeriopeninhamendonca@camara.gov.br,Engenheiro Agrônomo,ROGÉRIO MENDONÇA
ROMÁRIO,PSB,RJ,Titular,4,411,3215-5411,3215-2411,01,29,dep.romario@camara.gov.br,Empresário,ROMARIO DE SOUZA FARIA
ROMERO RODRIGUES,PSDB,PB,Titular,4,825,3215-5825,3215-2825,01,09,dep.romerorodrigues@camara.gov.br,Agrônomo,ROMERO RODRIGUES VEIGA
RONALDO BENEDET,PMDB,SC,Titular,4,918,3215-5918,3215-2918,03,09,dep.ronaldobenedet@camara.gov.br,Advogado,RONALDO JOSÉ BENEDET
RONALDO CAIADO,DEM,GO,Titular,4,227,3215-5227,3215-2227,09,25,dep.ronaldocaiado@camara.gov.br,"Médico, Professor e Produtor Rural",RONALDO RAMOS CAIADO
RONALDO FONSECA,PR,DF,Titular,3,382,3215-5382,3215-2382,04,04,dep.ronaldofonseca@camara.gov.br,Advogado,RONALDO FONSECA DE SOUZA
RONALDO ZULKE,PT,RS,Titular,4,858,3215-5858,3215-2858,10,16,dep.ronaldozulke@camara.gov.br,Professor,RONALDO MIRO ZÜLKE
ROSANE FERREIRA,PV,PR,Titular,4,454,3215-5454,3215-2454,07,31,dep.rosaneferreira@camara.gov.br,Enfermeira,CLEUSA ROSANE RIBAS FERREIRA
ROSE DE FREITAS,PMDB,ES,Titular,4,946,3215-5946,3215-2946,01,23,dep.rosedefreitas@camara.gov.br,"Professora, Radialista, Jornalista , Desenhista - Projetista e Agrimensora.",ROSILDA DE FREITAS
ROSINHA DA ADEFAL,PTdoB,AL,Titular,4,230,3215-5230,3215-2230,04,22,dep.rosinhadaadefal@camara.gov.br,Funcionário Público Federal,ROSEANE CAVALCANTE DE FREITAS
RUBENS BUENO,PPS,PR,Titular,4,623,3215-5623,3215-2623,05,23,dep.rubensbueno@camara.gov.br,Professor,RUBENS BUENO
RUBENS OTONI,PT,GO,Titular,4,501,3215-5501,3215-2501,02,06,dep.rubensotoni@camara.gov.br,"Professor Universitário, Consultor Jurídico e Consultor de Empresas.",RUBENS OTONI GOMIDE
RUI COSTA,PT,BA,Titular,3,576,3215-5576,3215-2576,01,18,dep.ruicosta@camara.gov.br,"Desenhista-projetista, Economista, Técnico Em Instrumentação Industrial",RUI COSTA DOS SANTOS
RUI PALMEIRA,PSDB,AL,Titular,3,476,3215-5476,3215-2476,09,13,dep.ruipalmeira@camara.gov.br,,RUI SOARES PALMEIRA
RUY CARNEIRO,PSDB,PB,Titular,3,565,3215-5565,3215-2565,08,17,dep.ruycarneiro@camara.gov.br,Administrador,RUY MANOEL CARNEIRO BARBOSA DE ACA BELCHIOR
SABINO CASTELO BRANCO,PTB,AM,Titular,4,911,3215-5911,3215-2911,08,31,dep.sabinocastelobranco@camara.gov.br,"Empresário, Apresentador de Televisão",RAIMUNDO SABINO CASTELO BRANCO MAUÉS
SÁGUAS MORAES,PT,MT,Titular,3,276,3215-5276,3215-2276,04,11,dep.saguasmoraes@camara.gov.br,Médico,SÁGUAS MORAES SOUSA
SALVADOR ZIMBALDI,PDT,SP,Titular,4,804,3215-5804,3215-2804,06,05,dep.salvadorzimbaldi@camara.gov.br,Servidor Público,SALVADOR ZIMBALDI FILHO
SANDES JÚNIOR,PP,GO,Titular,4,702,3215-5702,3215-2702,04,28,dep.sandesjunior@camara.gov.br, radialista e Advogado,JOÃO SANDES JÚNIOR
SANDRA ROSADO,PSB,RN,Titular,4,650,3215-5650,3215-2650,05,23,dep.sandrarosado@camara.gov.br,Assistente Social e Advogada,SANDRA MARIA DA ESCÓSSIA ROSADO
SANDRO ALEX,PPS,PR,Titular,4,221,3215-5221,3215-2221,11,25,dep.sandroalex@camara.gov.br,,SANDRO ALEX CRUZ DE OLIVEIRA
SANDRO MABEL,PR,GO,Titular,4,443,3215-5443,3215-2443,12,31,dep.sandromabel@camara.gov.br,Empresario,SANDRO ANTONIO SCODRO
SARAIVA FELIPE,PMDB,MG,Titular,4,429,3215-5429,3215-2429,03,26,dep.saraivafelipe@camara.gov.br,Professor Universitário e Médico,JOSÉ SARAIVA FELIPE
SARNEY FILHO,PV,MA,Titular,4,202,3215-5202,3215-2202,06,14,dep.sarneyfilho@camara.gov.br,Advogado,JOSÉ SARNEY FILHO
SEBASTIÃO BALA ROCHA,PDT,AP,Titular,4,608,3215-5608,3215-2608,01,21,dep.sebastiaobalarocha@camara.gov.br,Médico,SEBASTIÃO FERREIRA DA ROCHA
SÉRGIO BARRADAS CARNEIRO,PT,BA,Titular,3,571,3215-5571,3215-2571,,,,,SÉRGIO BARRADAS CARNEIRO
SÉRGIO BRITO,PSC,BA,Titular,4,638,3215-5638,3215-2638,06,08,dep.sergiobrito@camara.gov.br,"Administrador de Empresas, Bacharel Em Direito",SÉRGIO LUÍS LACERDA BRITO
SERGIO GUERRA,PSDB,PE,Titular,4,754,3215-5754,3215-2754,11,09,dep.sergioguerra@camara.gov.br,"Economista, Pecuarista, Professor",SEVERINO SÉRGIO ESTELITA GUERRA
SÉRGIO MORAES,PTB,RS,Titular,4,258,3215-5258,3215-2258,04,27,dep.sergiomoraes@camara.gov.br,Comerciante,SÉRGIO IVAN MORAES
SERGIO ZVEITER,PDT,RJ,Titular,4,437,3215-5437,3215-2437,05,18,dep.sergiozveiter@camara.gov.br,Advogado,SERGIO ZVEITER
SETIM,DEM,PR,Titular,4,901,3215-5901,3215-2901,05,02,,,LUIZ CARLOS SETIM
SIBA MACHADO,PT,AC,Titular,4,421,3215-5421,3215-2421,01,24,dep.sibamachado@camara.gov.br,Geográfo,SEBASTIÃO SIBÁ MACHADO OLIVEIRA
SILAS CÂMARA,PSC,AM,Titular,4,532,3215-5532,3215-2532,12,15,dep.silascamara@camara.gov.br,Empresário,SILAS CÂMARA
SILVIO COSTA,PTB,PE,Titular,4,417,3215-5417,3215-2417,12,23,dep.silviocosta@camara.gov.br,,SÍLVIO SERAFIM COSTA
SILVIO TORRES,PSDB,SP,Titular,3,568,3215-5568,3215-2568,06,01,,Jornalista e Empresário,SILVIO FRANÇA TORRES
SIMÃO SESSIM,PP,RJ,Titular,4,709,3215-5709,3215-2709,12,08,dep.simaosessim@camara.gov.br,Professor e Advogado,SIMÃO SESSIM
STEPAN NERCESSIAN,PPS,RJ,Titular,4,517,3215-5517,3215-2517,12,02,dep.stepannercessian@camara.gov.br,Ator,STEPAN NERCESSIAN
SUELI VIDIGAL,PDT,ES,Titular,4,812,32155812,3215-2812,06,19,dep.suelividigal@camara.gov.br,Funcionário Público,SUELI RANGEL SILVA VIDIGAL
TAKAYAMA,PSC,PR,Titular,4,910,3215-5910,3215-2910,04,20,dep.takayama@camara.gov.br,"Professor, Empresário e Ministro Evangélico",HIDEKAZU TAKAYAMA
TAUMATURGO LIMA,PT,AC,Titular,4,945,3215-5945,3215-2945,07,11,dep.taumaturgo@camara.gov.br,,TAUMATURGO LIMA CORDEIRO
TERESA SURITA,PMDB,RR,Titular,4,250,3215-5250,3215-2250,08,14,dep.teresasurita@camara.gov.br,"Publicitário, Servidor Público",MARIA TERESA SAENZ SURITA JUCÁ
THIAGO PEIXOTO,PMDB,GO,Titular,3,279,3215-5279,3215-2279,07,22,dep.thiagopeixoto@camara.gov.br,Economista,THIAGO MELLO PEIXOTO DA SILVEIRA
TIRIRICA,PR,SP,Titular,4,637,3215-5637,3215-2637,05,01,dep.tiririca@camara.gov.br,Ator,FRANCISCO EVERARDO OLIVEIRA SILVA
TONINHO PINHEIRO,PP,MG,Titular,3,584,3215-5584,3215-2584,04,23,dep.toninhopinheiro@camara.gov.br,Comerciante,ANTÔNIO PINHEIRO JÚNIOR
VALADARES FILHO,PSB,SE,Titular,4,660,3215-5660,3215-2660,10,01,dep.valadaresfilho@camara.gov.br,Administrador de Empresas,ANTÔNIO CARLOS VALADARES FILHO
VALDEMAR COSTA NETO,PR,SP,Titular,4,542,3215-5542,3215-2542,08,11,dep.valdemarcostaneto@camara.gov.br,Administrador de Empresas,VALDEMAR COSTA NETO
VALDIVINO DE OLIVEIRA,PSDB,GO,Titular,4,934,3215-5934,3215-2934,,,,,VALDIVINO JOSE DE OLIVEIRA
VALMIR ASSUNÇÃO,PT,BA,Titular,4,739,3215-5739,3215-2739,12,17,dep.valmirassuncao@camara.gov.br,Agricultor,VALMIR CARLOS DA ASSUNÇÃO
VALTENIR PEREIRA,PSB,MT,Titular,4,913,3215-5913,3215-2913,11,24,dep.valtenirpereira@camara.gov.br,Defensor Público e Professor Universitário,VALTENIR LUIZ PEREIRA
VANDER LOUBET,PT,MS,Titular,4,838,3215-5838,3215-2838,01,22,dep.vanderloubet@camara.gov.br,Bancário e Funcionário Público.,VANDER LUIZ DOS SANTOS LOUBET
VANDERLEI MACRIS,PSDB,SP,Titular,4,348,3215-5348,3215-2348,05,20,,,VANDERLEI MACRIS
VAZ DE LIMA,PSDB,SP,Titular,4,850,32155850,3215-2850,11,29,dep.vazdelima@camara.gov.br,Agente Fiscal de Rendas,JOSÉ CARLOS VAZ DE LIMA
VICENTE ARRUDA,PR,CE,Titular,4,603,3215-5603,3215-2603,05,17,dep.vicentearruda@camara.gov.br,"Advogado, Cientista Político e Jornalista",VICENTE FERREIRA DE ARRUDA COELHO
VICENTE CANDIDO,PT,SP,Titular,4,560,3215-5560,3215-2560,11,17,dep.vicentecandido@camara.gov.br,"Advogado, Comerciante",VICENTE CÂNDIDO DA SILVA
VICENTINHO,PT,SP,Titular,4,740,3215-5740,3215-2740,04,08,dep.vicentinho@camara.gov.br,Bacharel Em Direito e Metalúrgico.,VICENTE PAULO DA SILVA
VIEIRA DA CUNHA,PDT,RS,Titular,4,711,3215-5711,3215-2711,03,31,dep.vieiradacunha@camara.gov.br,Procurador de Justiça,CARLOS EDUARDO VIEIRA DA CUNHA
VILSON COVATTI,PP,RS,Titular,4,228,3215-5228,3215-2228,01,26,dep.vilsoncovatti@camara.gov.br,Advogado,VILSON LUIZ COVATTI
VINICIUS GURGEL,PRTB,AP,Titular,4,852,3215-5852,3215-2852,07,31,dep.viniciusgurgel@camara.gov.br,Contador,VINICIUS DE AZEVEDO GURGEL
VITOR PAULO,PRB,RJ,Titular,4,422,3215-5422,3215-2422,11,22,dep.vitorpaulo@camara.gov.br,"Jornalista, Radialista",VITOR PAULO ARAÚJO DOS SANTOS
VITOR PENIDO,DEM,MG,Titular,4,558,3215-5558,3215-2558,06,26,,,VITOR PENIDO DE BARROS
WALDENOR PEREIRA,PT,BA,Titular,4,807,3215-5807,3215-2807,03,08,dep.waldenorpereira@camara.gov.br,Economista,WALDENOR ALVES PEREIRA FILHO
WALDIR MARANHÃO,PP,MA,Titular,4,541,3215-5541,3215-2541,08,04,dep.waldirmaranhao@camara.gov.br,Médico Veterinário,WALDIR MARANHÃO CARDOSO
WALNEY ROCHA,PTB,RJ,Titular,4,644,3215-5644,3215-2644,04,19,dep.walneyrocha@camara.gov.br,Servidor Público Estadual,WALNEY DA ROCHA CARVALHO
WALTER TOSTA,PMN,MG,Titular,4,214,3215-5214,3215-2214,10,20,dep.waltertosta@camara.gov.br,Autônomo,WALTER DA ROCHA TOSTA
WANDENKOLK GONÇALVES,PSDB,PA,Titular,4,210,3215-5210,3215-2210,04,17,dep.wandenkolkgoncalves@camara.gov.br,Engenheiro Agrônomo,WANDENKOLK PASTEUR GONÇALVES
WASHINGTON REIS,PMDB,RJ,Titular,4,856,3215-5856,3215-2856,04,05,dep.washingtonreis@camara.gov.br,,WASHINGTON REIS DE OLIVEIRA
WELITON PRADO,PT,MG,Titular,4,862,3215-5862,3215-2862,08,24,dep.welitonprado@camara.gov.br,Bacharel Em Filosofia,WELITON FERNANDES PRADO
WELLINGTON FAGUNDES,PR,MT,Titular,4,713,3215-5713,3215-2713,06,01,dep.wellingtonfagundes@camara.gov.br,Médico Veterinário e Comerciante,WELLINGTON ANTONIO FAGUNDES
WELLINGTON ROBERTO,PR,PB,Titular,4,514,3215-5514,3215-2514,05,19,dep.wellingtonroberto@camara.gov.br,Não Informada,JOSÉ WELLINGTON ROBERTO
WILLIAM DIB,PSDB,SP,Titular,4,304,3215-5304,3215-2304,11,25,dep.williamdib@camara.gov.br,Médico,WILLIAM DIB
WILSON FILHO,PMDB,PB,Titular,4,534,3215-5534,3215-2534,08,10,dep.wilsonfilho@camara.gov.br,,JOSÉ WILSON SANTIAGO FILHO
WLADIMIR COSTA,PMDB,PA,Titular,4,343,3215-5343,3215-2343,01,16,dep.wladimircosta@camara.gov.br,Locutor e Comentarista de Radio e Televisao e Radialista,WLADIMIR AFONSO DA COSTA RABELO
WOLNEY QUEIROZ,PDT,PE,Titular,4,936,3215-5936,3215-2936,12,12,dep.wolneyqueiroz@camara.gov.br,Empresário,WOLNEY QUEIROZ MACIEL
ZÉ GERALDO,PT,PA,Titular,3,266,3215-5266,3215-2266,12,21,dep.zegeraldo@camara.gov.br,Agricultor,JOSÉ GERALDO TORRES DA SILVA
ZÉ SILVA,PDT,MG,Titular,3,573,3215-5573,3215-2573,05,11,dep.zesilva@camara.gov.br,"Agricultor, Agrônomo, Extensionista Rural",JOSÉ SILVA SOARES
ZÉ VIEIRA,PR,MA,Titular,4,405,3215-5405,3215-2405,07,30,dep.zevieira@camara.gov.br,,JOSÉ VIEIRA LINS
ZECA DIRCEU,PT,PR,Titular,3,285,3215-5285,3215-2285,06,21,dep.zecadirceu@camara.gov.br,Empresário,JOSÉ CARLOS BECKER DE OLIVEIRA E SILVA
ZEQUINHA MARINHO,PSC,PA,Titular,4,823,3215-5823,3215-2823,09,18,dep.zequinhamarinho@camara.gov.br,Técnico Em Contabilidade e Pedagogo,JOSÉ DA CRUZ MARINHO
ZOINHO,PR,RJ,Titular,4,619,32155619,3215-2619,12,15,dep.zoinho@camara.gov.br,,JORGE DE OLIVEIRA
ZONTA,PP,SC,Titular,4,741,3215-5741,3215-2741,07,18,dep.zonta@camara.gov.br,Agricultor Cooperativista.,ODACIR ZONTA
